Inventory_ID,Product_ID,Warehouse_ID,Supplier_ID,Stock_Quantity,Reorder_Level
I00001,101,W001,S027,338,33
I00002,101,W002,S024,210,183
I00003,101,W003,S001,336,135
I00004,101,W004,S043,822,164
I00005,101,W005,S043,462,124
I00006,101,W006,S048,380,47
I00007,101,W007,S041,530,59
I00008,101,W008,S035,578,174
I00009,101,W009,S022,830,187
I00010,101,W010,S016,151,105
I00011,102,W001,S003,82,60
I00012,102,W002,S041,513,27
I00013,102,W003,S016,994,133
I00014,102,W004,S004,468,86
I00015,102,W005,S002,728,153
I00016,102,W006,S042,837,117
I00017,102,W007,S039,859,130
I00018,102,W008,S001,372,76
I00019,102,W009,S039,676,64
I00020,102,W010,S034,342,118
I00021,103,W001,S007,541,196
I00022,103,W002,S012,58,181
I00023,103,W003,S011,364,132
I00024,103,W004,S044,235,182
I00025,103,W005,S006,105,55
I00026,103,W006,S049,421,153
I00027,103,W007,S021,680,183
I00028,103,W008,S036,182,62
I00029,103,W009,S034,622,184
I00030,103,W010,S024,161,143
I00031,104,W001,S022,803,82
I00032,104,W002,S012,300,26
I00033,104,W003,S041,659,196
I00034,104,W004,S046,736,71
I00035,104,W005,S020,980,195
I00036,104,W006,S048,745,174
I00037,104,W007,S035,255,178
I00038,104,W008,S003,397,36
I00039,104,W009,S006,984,161
I00040,104,W010,S034,396,60
I00041,105,W001,S033,502,67
I00042,105,W002,S049,554,64
I00043,105,W003,S025,930,81
I00044,105,W004,S039,79,80
I00045,105,W005,S023,194,104
I00046,105,W006,S015,719,116
I00047,105,W007,S014,740,39
I00048,105,W008,S008,250,38
I00049,105,W009,S026,51,176
I00050,105,W010,S010,835,138
I00051,106,W001,S036,150,41
I00052,106,W002,S040,177,86
I00053,106,W003,S039,319,128
I00054,106,W004,S019,934,137
I00055,106,W005,S014,491,106
I00056,106,W006,S043,938,153
I00057,106,W007,S035,84,134
I00058,106,W008,S032,644,44
I00059,106,W009,S026,765,180
I00060,106,W010,S047,324,45
I00061,107,W001,S031,140,125
I00062,107,W002,S020,625,143
I00063,107,W003,S038,384,159
I00064,107,W004,S047,853,131
I00065,107,W005,S015,275,176
I00066,107,W006,S017,520,146
I00067,107,W007,S022,786,49
I00068,107,W008,S003,123,199
I00069,107,W009,S013,514,120
I00070,107,W010,S030,125,60
I00071,108,W001,S025,955,22
I00072,108,W002,S024,575,23
I00073,108,W003,S048,708,114
I00074,108,W004,S028,740,86
I00075,108,W005,S003,566,193
I00076,108,W006,S001,974,132
I00077,108,W007,S039,243,85
I00078,108,W008,S030,573,191
I00079,108,W009,S019,781,163
I00080,108,W010,S039,559,22
I00081,109,W001,S010,186,140
I00082,109,W002,S020,212,146
I00083,109,W003,S014,261,185
I00084,109,W004,S044,775,28
I00085,109,W005,S022,223,48
I00086,109,W006,S043,902,75
I00087,109,W007,S027,973,59
I00088,109,W008,S042,823,171
I00089,109,W009,S050,804,68
I00090,109,W010,S006,506,139
I00091,110,W001,S048,426,128
I00092,110,W002,S043,788,134
I00093,110,W003,S016,911,163
I00094,110,W004,S026,489,45
I00095,110,W005,S001,288,63
I00096,110,W006,S045,897,61
I00097,110,W007,S043,669,46
I00098,110,W008,S027,50,55
I00099,110,W009,S035,382,94
I00100,110,W010,S015,606,30
I00101,111,W001,S048,272,69
I00102,111,W002,S043,289,198
I00103,111,W003,S001,685,47
I00104,111,W004,S043,915,47
I00105,111,W005,S043,833,44
I00106,111,W006,S033,584,165
I00107,111,W007,S013,756,179
I00108,111,W008,S022,726,65
I00109,111,W009,S032,276,80
I00110,111,W010,S049,554,125
I00111,112,W001,S045,60,41
I00112,112,W002,S045,778,33
I00113,112,W003,S007,638,143
I00114,112,W004,S035,720,21
I00115,112,W005,S044,760,28
I00116,112,W006,S037,436,196
I00117,112,W007,S025,343,154
I00118,112,W008,S043,968,184
I00119,112,W009,S009,554,66
I00120,112,W010,S042,669,159
I00121,113,W001,S039,232,83
I00122,113,W002,S020,322,32
I00123,113,W003,S010,828,160
I00124,113,W004,S003,643,177
I00125,113,W005,S002,712,31
I00126,113,W006,S045,860,147
I00127,113,W007,S028,130,54
I00128,113,W008,S002,608,96
I00129,113,W009,S014,148,63
I00130,113,W010,S048,995,191
I00131,114,W001,S040,423,113
I00132,114,W002,S029,567,180
I00133,114,W003,S030,572,112
I00134,114,W004,S029,52,52
I00135,114,W005,S001,93,153
I00136,114,W006,S037,875,147
I00137,114,W007,S040,756,57
I00138,114,W008,S035,50,50
I00139,114,W009,S030,832,93
I00140,114,W010,S018,688,99
I00141,115,W001,S001,628,67
I00142,115,W002,S034,195,60
I00143,115,W003,S032,350,189
I00144,115,W004,S017,675,164
I00145,115,W005,S007,348,177
I00146,115,W006,S009,736,53
I00147,115,W007,S034,743,69
I00148,115,W008,S033,540,38
I00149,115,W009,S013,928,158
I00150,115,W010,S022,879,57
I00151,116,W001,S025,923,103
I00152,116,W002,S003,652,85
I00153,116,W003,S036,84,199
I00154,116,W004,S004,72,77
I00155,116,W005,S036,625,169
I00156,116,W006,S029,534,184
I00157,116,W007,S030,606,118
I00158,116,W008,S017,874,142
I00159,116,W009,S044,163,31
I00160,116,W010,S027,438,139
I00161,117,W001,S015,238,173
I00162,117,W002,S006,324,96
I00163,117,W003,S038,315,164
I00164,117,W004,S042,759,170
I00165,117,W005,S026,465,131
I00166,117,W006,S002,473,147
I00167,117,W007,S033,831,162
I00168,117,W008,S026,443,115
I00169,117,W009,S006,93,82
I00170,117,W010,S037,506,195
I00171,118,W001,S036,220,197
I00172,118,W002,S007,175,86
I00173,118,W003,S008,358,25
I00174,118,W004,S020,821,61
I00175,118,W005,S020,389,124
I00176,118,W006,S044,418,192
I00177,118,W007,S003,706,156
I00178,118,W008,S045,440,168
I00179,118,W009,S032,148,92
I00180,118,W010,S014,252,20
I00181,119,W001,S045,928,188
I00182,119,W002,S011,69,35
I00183,119,W003,S042,81,121
I00184,119,W004,S003,293,49
I00185,119,W005,S014,185,176
I00186,119,W006,S007,589,64
I00187,119,W007,S022,265,77
I00188,119,W008,S009,929,62
I00189,119,W009,S013,761,144
I00190,119,W010,S002,982,189
I00191,120,W001,S022,843,33
I00192,120,W002,S026,612,190
I00193,120,W003,S004,755,21
I00194,120,W004,S037,633,23
I00195,120,W005,S007,314,102
I00196,120,W006,S017,189,110
I00197,120,W007,S046,331,46
I00198,120,W008,S039,199,104
I00199,120,W009,S038,676,83
I00200,120,W010,S005,973,49
I00201,121,W001,S013,668,144
I00202,121,W002,S003,708,79
I00203,121,W003,S033,645,64
I00204,121,W004,S016,406,60
I00205,121,W005,S028,302,101
I00206,121,W006,S013,720,98
I00207,121,W007,S032,117,85
I00208,121,W008,S005,615,187
I00209,121,W009,S028,680,167
I00210,121,W010,S001,310,94
I00211,122,W001,S004,488,57
I00212,122,W002,S001,827,138
I00213,122,W003,S048,373,119
I00214,122,W004,S032,929,36
I00215,122,W005,S014,710,92
I00216,122,W006,S016,815,150
I00217,122,W007,S029,789,75
I00218,122,W008,S007,243,131
I00219,122,W009,S036,657,146
I00220,122,W010,S035,379,85
I00221,123,W001,S012,441,86
I00222,123,W002,S033,824,177
I00223,123,W003,S004,364,186
I00224,123,W004,S004,695,129
I00225,123,W005,S032,141,178
I00226,123,W006,S002,77,199
I00227,123,W007,S026,507,133
I00228,123,W008,S004,133,23
I00229,123,W009,S021,909,156
I00230,123,W010,S028,918,182
I00231,124,W001,S004,693,50
I00232,124,W002,S005,256,71
I00233,124,W003,S038,880,42
I00234,124,W004,S004,592,145
I00235,124,W005,S009,53,123
I00236,124,W006,S006,710,116
I00237,124,W007,S024,510,38
I00238,124,W008,S010,288,193
I00239,124,W009,S023,394,180
I00240,124,W010,S045,415,67
I00241,125,W001,S046,837,65
I00242,125,W002,S008,555,157
I00243,125,W003,S029,558,161
I00244,125,W004,S015,504,69
I00245,125,W005,S009,536,108
I00246,125,W006,S024,50,153
I00247,125,W007,S016,845,58
I00248,125,W008,S033,705,187
I00249,125,W009,S008,402,67
I00250,125,W010,S013,688,101
I00251,126,W001,S025,958,181
I00252,126,W002,S021,600,68
I00253,126,W003,S038,492,28
I00254,126,W004,S020,436,29
I00255,126,W005,S013,53,40
I00256,126,W006,S044,955,70
I00257,126,W007,S032,907,188
I00258,126,W008,S009,272,126
I00259,126,W009,S010,219,115
I00260,126,W010,S002,867,132
I00261,127,W001,S033,837,157
I00262,127,W002,S024,587,149
I00263,127,W003,S048,707,94
I00264,127,W004,S035,551,182
I00265,127,W005,S048,748,180
I00266,127,W006,S044,994,155
I00267,127,W007,S014,649,101
I00268,127,W008,S006,269,47
I00269,127,W009,S041,157,171
I00270,127,W010,S004,128,171
I00271,128,W001,S023,950,49
I00272,128,W002,S049,879,43
I00273,128,W003,S025,802,35
I00274,128,W004,S020,314,142
I00275,128,W005,S016,863,93
I00276,128,W006,S030,586,167
I00277,128,W007,S036,999,36
I00278,128,W008,S026,877,78
I00279,128,W009,S019,971,195
I00280,128,W010,S027,388,74
I00281,129,W001,S026,780,80
I00282,129,W002,S007,698,185
I00283,129,W003,S012,379,93
I00284,129,W004,S009,67,77
I00285,129,W005,S023,156,43
I00286,129,W006,S006,885,181
I00287,129,W007,S029,771,61
I00288,129,W008,S024,563,58
I00289,129,W009,S048,850,84
I00290,129,W010,S002,634,149
I00291,130,W001,S038,323,132
I00292,130,W002,S022,206,114
I00293,130,W003,S022,974,149
I00294,130,W004,S048,59,48
I00295,130,W005,S021,199,62
I00296,130,W006,S023,710,71
I00297,130,W007,S005,184,52
I00298,130,W008,S031,136,88
I00299,130,W009,S001,485,124
I00300,130,W010,S009,184,101
I00301,131,W001,S001,300,22
I00302,131,W002,S003,891,60
I00303,131,W003,S003,321,84
I00304,131,W004,S005,371,79
I00305,131,W005,S023,680,190
I00306,131,W006,S002,167,127
I00307,131,W007,S016,265,83
I00308,131,W008,S011,574,55
I00309,131,W009,S041,403,178
I00310,131,W010,S036,329,125
I00311,132,W001,S013,792,82
I00312,132,W002,S010,786,43
I00313,132,W003,S044,438,103
I00314,132,W004,S010,368,68
I00315,132,W005,S027,75,89
I00316,132,W006,S047,186,154
I00317,132,W007,S040,799,124
I00318,132,W008,S006,485,79
I00319,132,W009,S033,178,82
I00320,132,W010,S044,379,168
I00321,133,W001,S026,532,66
I00322,133,W002,S013,151,181
I00323,133,W003,S012,604,49
I00324,133,W004,S042,77,91
I00325,133,W005,S038,154,196
I00326,133,W006,S027,235,144
I00327,133,W007,S035,331,98
I00328,133,W008,S040,805,193
I00329,133,W009,S049,377,172
I00330,133,W010,S031,646,28
I00331,134,W001,S035,814,54
I00332,134,W002,S048,207,165
I00333,134,W003,S013,107,101
I00334,134,W004,S031,847,197
I00335,134,W005,S020,59,22
I00336,134,W006,S043,809,20
I00337,134,W007,S048,715,190
I00338,134,W008,S036,109,189
I00339,134,W009,S043,180,87
I00340,134,W010,S005,634,177
I00341,135,W001,S007,684,32
I00342,135,W002,S006,282,78
I00343,135,W003,S036,477,53
I00344,135,W004,S007,835,165
I00345,135,W005,S045,552,34
I00346,135,W006,S010,536,35
I00347,135,W007,S026,434,90
I00348,135,W008,S050,611,58
I00349,135,W009,S013,582,146
I00350,135,W010,S008,274,114
I00351,136,W001,S030,763,161
I00352,136,W002,S030,346,179
I00353,136,W003,S008,124,100
I00354,136,W004,S037,143,75
I00355,136,W005,S011,288,82
I00356,136,W006,S030,465,36
I00357,136,W007,S029,288,122
I00358,136,W008,S024,949,150
I00359,136,W009,S050,430,198
I00360,136,W010,S026,587,35
I00361,137,W001,S048,816,123
I00362,137,W002,S049,843,126
I00363,137,W003,S011,63,127
I00364,137,W004,S022,482,110
I00365,137,W005,S011,117,61
I00366,137,W006,S006,940,42
I00367,137,W007,S005,262,121
I00368,137,W008,S013,457,46
I00369,137,W009,S003,982,33
I00370,137,W010,S049,967,161
I00371,138,W001,S034,744,105
I00372,138,W002,S030,119,187
I00373,138,W003,S016,461,127
I00374,138,W004,S039,866,137
I00375,138,W005,S050,461,142
I00376,138,W006,S043,562,92
I00377,138,W007,S017,956,161
I00378,138,W008,S020,357,46
I00379,138,W009,S011,239,143
I00380,138,W010,S050,399,126
I00381,139,W001,S037,365,107
I00382,139,W002,S042,321,33
I00383,139,W003,S043,600,70
I00384,139,W004,S029,354,58
I00385,139,W005,S022,569,176
I00386,139,W006,S028,573,136
I00387,139,W007,S015,783,193
I00388,139,W008,S006,276,96
I00389,139,W009,S043,610,42
I00390,139,W010,S023,504,29
I00391,140,W001,S024,760,82
I00392,140,W002,S020,356,97
I00393,140,W003,S046,171,115
I00394,140,W004,S039,266,54
I00395,140,W005,S003,779,166
I00396,140,W006,S005,299,91
I00397,140,W007,S007,242,57
I00398,140,W008,S044,888,69
I00399,140,W009,S021,551,137
I00400,140,W010,S007,177,176
I00401,141,W001,S003,926,71
I00402,141,W002,S047,645,195
I00403,141,W003,S041,64,94
I00404,141,W004,S042,275,189
I00405,141,W005,S043,875,138
I00406,141,W006,S015,656,90
I00407,141,W007,S016,189,159
I00408,141,W008,S016,397,169
I00409,141,W009,S024,810,116
I00410,141,W010,S023,607,91
I00411,142,W001,S006,772,125
I00412,142,W002,S031,617,91
I00413,142,W003,S011,434,147
I00414,142,W004,S013,433,73
I00415,142,W005,S017,500,60
I00416,142,W006,S012,330,184
I00417,142,W007,S031,256,53
I00418,142,W008,S032,244,171
I00419,142,W009,S013,832,42
I00420,142,W010,S016,357,163
I00421,143,W001,S034,941,191
I00422,143,W002,S036,832,99
I00423,143,W003,S021,243,106
I00424,143,W004,S018,483,85
I00425,143,W005,S033,955,44
I00426,143,W006,S039,348,174
I00427,143,W007,S009,469,153
I00428,143,W008,S034,349,137
I00429,143,W009,S020,294,88
I00430,143,W010,S020,55,27
I00431,144,W001,S046,534,54
I00432,144,W002,S018,890,29
I00433,144,W003,S018,753,86
I00434,144,W004,S028,253,46
I00435,144,W005,S019,829,164
I00436,144,W006,S007,638,64
I00437,144,W007,S013,710,32
I00438,144,W008,S021,836,200
I00439,144,W009,S043,98,108
I00440,144,W010,S033,947,193
I00441,145,W001,S050,473,42
I00442,145,W002,S030,338,79
I00443,145,W003,S025,781,81
I00444,145,W004,S022,453,164
I00445,145,W005,S005,436,190
I00446,145,W006,S017,754,176
I00447,145,W007,S038,738,183
I00448,145,W008,S029,578,102
I00449,145,W009,S008,527,125
I00450,145,W010,S007,988,53
I00451,146,W001,S040,370,63
I00452,146,W002,S035,584,126
I00453,146,W003,S027,209,118
I00454,146,W004,S033,547,187
I00455,146,W005,S044,996,45
I00456,146,W006,S034,562,126
I00457,146,W007,S034,475,55
I00458,146,W008,S026,975,124
I00459,146,W009,S025,151,168
I00460,146,W010,S042,271,59
I00461,147,W001,S003,937,116
I00462,147,W002,S022,703,59
I00463,147,W003,S012,371,156
I00464,147,W004,S039,633,144
I00465,147,W005,S022,322,22
I00466,147,W006,S024,277,181
I00467,147,W007,S029,983,30
I00468,147,W008,S009,605,104
I00469,147,W009,S035,628,145
I00470,147,W010,S004,715,105
I00471,148,W001,S043,774,200
I00472,148,W002,S018,437,77
I00473,148,W003,S004,507,44
I00474,148,W004,S024,777,51
I00475,148,W005,S037,959,56
I00476,148,W006,S034,62,103
I00477,148,W007,S021,474,126
I00478,148,W008,S024,87,98
I00479,148,W009,S036,202,49
I00480,148,W010,S005,596,21
I00481,149,W001,S031,140,100
I00482,149,W002,S030,123,119
I00483,149,W003,S024,746,116
I00484,149,W004,S018,124,138
I00485,149,W005,S005,375,172
I00486,149,W006,S042,792,34
I00487,149,W007,S009,149,112
I00488,149,W008,S018,406,186
I00489,149,W009,S015,930,158
I00490,149,W010,S025,466,74
I00491,150,W001,S036,737,82
I00492,150,W002,S016,457,172
I00493,150,W003,S015,320,135
I00494,150,W004,S021,904,199
I00495,150,W005,S023,405,77
I00496,150,W006,S041,542,66
I00497,150,W007,S037,556,69
I00498,150,W008,S027,973,164
I00499,150,W009,S003,525,27
I00500,150,W010,S043,874,123
I00501,151,W001,S015,138,152
I00502,151,W002,S033,711,110
I00503,151,W003,S021,765,57
I00504,151,W004,S021,278,142
I00505,151,W005,S044,559,163
I00506,151,W006,S008,194,88
I00507,151,W007,S010,489,51
I00508,151,W008,S043,202,170
I00509,151,W009,S002,272,160
I00510,151,W010,S033,70,149
I00511,152,W001,S030,869,162
I00512,152,W002,S035,852,161
I00513,152,W003,S025,677,24
I00514,152,W004,S004,390,166
I00515,152,W005,S047,308,75
I00516,152,W006,S033,231,83
I00517,152,W007,S006,785,175
I00518,152,W008,S023,770,143
I00519,152,W009,S035,807,145
I00520,152,W010,S012,734,35
I00521,153,W001,S041,866,24
I00522,153,W002,S039,619,46
I00523,153,W003,S004,249,196
I00524,153,W004,S031,885,130
I00525,153,W005,S035,916,78
I00526,153,W006,S001,796,28
I00527,153,W007,S022,159,94
I00528,153,W008,S048,851,99
I00529,153,W009,S018,938,110
I00530,153,W010,S001,462,198
I00531,154,W001,S016,994,53
I00532,154,W002,S044,266,126
I00533,154,W003,S032,896,39
I00534,154,W004,S033,328,170
I00535,154,W005,S010,413,53
I00536,154,W006,S031,155,195
I00537,154,W007,S035,179,132
I00538,154,W008,S005,94,36
I00539,154,W009,S038,508,42
I00540,154,W010,S045,516,33
I00541,155,W001,S046,534,42
I00542,155,W002,S018,558,35
I00543,155,W003,S023,756,148
I00544,155,W004,S003,506,77
I00545,155,W005,S008,80,199
I00546,155,W006,S003,985,195
I00547,155,W007,S018,202,177
I00548,155,W008,S044,371,200
I00549,155,W009,S042,625,190
I00550,155,W010,S023,398,111
I00551,156,W001,S011,624,135
I00552,156,W002,S043,606,184
I00553,156,W003,S011,630,34
I00554,156,W004,S008,747,31
I00555,156,W005,S049,765,70
I00556,156,W006,S048,159,67
I00557,156,W007,S026,538,61
I00558,156,W008,S029,529,57
I00559,156,W009,S038,559,88
I00560,156,W010,S006,780,88
I00561,157,W001,S018,917,88
I00562,157,W002,S032,940,46
I00563,157,W003,S024,358,120
I00564,157,W004,S009,710,78
I00565,157,W005,S015,651,36
I00566,157,W006,S002,821,150
I00567,157,W007,S047,974,188
I00568,157,W008,S010,835,118
I00569,157,W009,S007,912,110
I00570,157,W010,S034,717,63
I00571,158,W001,S004,411,80
I00572,158,W002,S017,84,103
I00573,158,W003,S035,811,137
I00574,158,W004,S015,342,84
I00575,158,W005,S020,995,155
I00576,158,W006,S024,792,87
I00577,158,W007,S013,552,176
I00578,158,W008,S036,199,26
I00579,158,W009,S014,421,106
I00580,158,W010,S046,292,136
I00581,159,W001,S034,597,92
I00582,159,W002,S019,338,183
I00583,159,W003,S039,300,94
I00584,159,W004,S002,465,54
I00585,159,W005,S044,798,126
I00586,159,W006,S049,757,189
I00587,159,W007,S035,294,157
I00588,159,W008,S002,861,143
I00589,159,W009,S034,951,104
I00590,159,W010,S020,626,149
I00591,160,W001,S014,155,148
I00592,160,W002,S027,544,42
I00593,160,W003,S003,399,32
I00594,160,W004,S024,493,27
I00595,160,W005,S015,100,59
I00596,160,W006,S049,572,109
I00597,160,W007,S023,813,141
I00598,160,W008,S005,493,172
I00599,160,W009,S026,340,161
I00600,160,W010,S024,85,130
I00601,161,W001,S045,526,200
I00602,161,W002,S045,890,96
I00603,161,W003,S011,554,165
I00604,161,W004,S042,810,26
I00605,161,W005,S043,725,70
I00606,161,W006,S010,988,195
I00607,161,W007,S047,613,195
I00608,161,W008,S042,906,67
I00609,161,W009,S021,973,121
I00610,161,W010,S040,300,82
I00611,162,W001,S042,998,91
I00612,162,W002,S003,830,93
I00613,162,W003,S018,525,55
I00614,162,W004,S018,259,142
I00615,162,W005,S004,811,80
I00616,162,W006,S040,969,160
I00617,162,W007,S027,116,82
I00618,162,W008,S030,942,28
I00619,162,W009,S008,375,60
I00620,162,W010,S024,229,136
I00621,163,W001,S013,856,23
I00622,163,W002,S026,436,183
I00623,163,W003,S032,570,100
I00624,163,W004,S015,431,144
I00625,163,W005,S022,969,182
I00626,163,W006,S013,371,37
I00627,163,W007,S002,172,186
I00628,163,W008,S010,109,186
I00629,163,W009,S007,915,82
I00630,163,W010,S031,84,150
I00631,164,W001,S009,880,94
I00632,164,W002,S018,103,178
I00633,164,W003,S003,503,99
I00634,164,W004,S033,860,119
I00635,164,W005,S037,698,185
I00636,164,W006,S015,427,104
I00637,164,W007,S046,547,78
I00638,164,W008,S018,515,171
I00639,164,W009,S035,94,126
I00640,164,W010,S007,992,130
I00641,165,W001,S040,595,72
I00642,165,W002,S043,213,60
I00643,165,W003,S009,927,89
I00644,165,W004,S015,884,115
I00645,165,W005,S009,567,54
I00646,165,W006,S004,508,109
I00647,165,W007,S043,105,182
I00648,165,W008,S019,827,50
I00649,165,W009,S005,951,41
I00650,165,W010,S017,383,40
I00651,166,W001,S005,726,54
I00652,166,W002,S027,298,90
I00653,166,W003,S033,288,47
I00654,166,W004,S015,121,151
I00655,166,W005,S039,554,36
I00656,166,W006,S039,575,87
I00657,166,W007,S006,886,100
I00658,166,W008,S027,370,107
I00659,166,W009,S036,765,60
I00660,166,W010,S046,159,198
I00661,167,W001,S010,785,151
I00662,167,W002,S019,889,135
I00663,167,W003,S018,342,113
I00664,167,W004,S020,295,119
I00665,167,W005,S029,524,173
I00666,167,W006,S025,739,62
I00667,167,W007,S025,639,168
I00668,167,W008,S001,194,83
I00669,167,W009,S010,299,183
I00670,167,W010,S006,789,179
I00671,168,W001,S048,725,98
I00672,168,W002,S037,311,146
I00673,168,W003,S034,940,142
I00674,168,W004,S019,572,132
I00675,168,W005,S045,121,160
I00676,168,W006,S038,520,92
I00677,168,W007,S035,167,180
I00678,168,W008,S018,498,90
I00679,168,W009,S024,959,125
I00680,168,W010,S023,256,52
I00681,169,W001,S007,354,99
I00682,169,W002,S003,389,178
I00683,169,W003,S042,327,26
I00684,169,W004,S009,256,21
I00685,169,W005,S044,440,53
I00686,169,W006,S029,324,157
I00687,169,W007,S004,208,190
I00688,169,W008,S019,623,54
I00689,169,W009,S033,341,199
I00690,169,W010,S002,842,178
I00691,170,W001,S002,243,76
I00692,170,W002,S023,977,98
I00693,170,W003,S014,845,37
I00694,170,W004,S048,890,52
I00695,170,W005,S034,381,128
I00696,170,W006,S034,431,191
I00697,170,W007,S047,532,172
I00698,170,W008,S019,460,66
I00699,170,W009,S019,79,118
I00700,170,W010,S038,108,196
I00701,171,W001,S034,476,135
I00702,171,W002,S005,453,142
I00703,171,W003,S003,786,54
I00704,171,W004,S017,233,67
I00705,171,W005,S018,376,87
I00706,171,W006,S042,416,115
I00707,171,W007,S028,612,154
I00708,171,W008,S032,611,37
I00709,171,W009,S042,57,60
I00710,171,W010,S050,463,178
I00711,172,W001,S013,128,70
I00712,172,W002,S001,148,112
I00713,172,W003,S041,833,195
I00714,172,W004,S049,93,48
I00715,172,W005,S038,510,77
I00716,172,W006,S021,146,177
I00717,172,W007,S045,820,118
I00718,172,W008,S027,146,65
I00719,172,W009,S028,478,191
I00720,172,W010,S041,612,189
I00721,173,W001,S008,521,107
I00722,173,W002,S008,283,181
I00723,173,W003,S019,232,160
I00724,173,W004,S047,241,173
I00725,173,W005,S044,93,25
I00726,173,W006,S049,833,120
I00727,173,W007,S015,499,56
I00728,173,W008,S003,365,33
I00729,173,W009,S029,951,137
I00730,173,W010,S032,478,85
I00731,174,W001,S002,769,23
I00732,174,W002,S027,639,167
I00733,174,W003,S008,402,45
I00734,174,W004,S029,134,40
I00735,174,W005,S005,816,198
I00736,174,W006,S006,235,186
I00737,174,W007,S037,527,195
I00738,174,W008,S050,839,75
I00739,174,W009,S024,857,129
I00740,174,W010,S020,615,148
I00741,175,W001,S042,388,139
I00742,175,W002,S014,965,42
I00743,175,W003,S008,846,89
I00744,175,W004,S009,777,114
I00745,175,W005,S046,266,99
I00746,175,W006,S048,189,149
I00747,175,W007,S002,618,142
I00748,175,W008,S045,593,93
I00749,175,W009,S046,725,76
I00750,175,W010,S046,551,143
I00751,176,W001,S024,328,27
I00752,176,W002,S032,239,22
I00753,176,W003,S004,552,184
I00754,176,W004,S023,518,105
I00755,176,W005,S020,353,89
I00756,176,W006,S021,295,151
I00757,176,W007,S011,199,89
I00758,176,W008,S037,840,200
I00759,176,W009,S013,484,153
I00760,176,W010,S007,410,189
I00761,177,W001,S043,717,100
I00762,177,W002,S034,523,35
I00763,177,W003,S027,323,50
I00764,177,W004,S013,741,62
I00765,177,W005,S045,510,145
I00766,177,W006,S043,505,105
I00767,177,W007,S039,736,23
I00768,177,W008,S036,839,116
I00769,177,W009,S031,245,173
I00770,177,W010,S010,82,68
I00771,178,W001,S047,748,127
I00772,178,W002,S001,829,187
I00773,178,W003,S018,682,96
I00774,178,W004,S042,190,137
I00775,178,W005,S045,362,48
I00776,178,W006,S034,383,136
I00777,178,W007,S003,935,100
I00778,178,W008,S023,823,193
I00779,178,W009,S045,646,48
I00780,178,W010,S027,242,189
I00781,179,W001,S029,705,95
I00782,179,W002,S012,445,119
I00783,179,W003,S040,324,27
I00784,179,W004,S006,68,96
I00785,179,W005,S019,614,63
I00786,179,W006,S027,889,120
I00787,179,W007,S030,626,42
I00788,179,W008,S034,296,74
I00789,179,W009,S032,688,182
I00790,179,W010,S032,137,100
I00791,180,W001,S021,911,124
I00792,180,W002,S050,935,42
I00793,180,W003,S044,461,61
I00794,180,W004,S040,882,171
I00795,180,W005,S031,792,67
I00796,180,W006,S025,617,85
I00797,180,W007,S016,855,77
I00798,180,W008,S047,156,189
I00799,180,W009,S001,785,49
I00800,180,W010,S045,795,150
I00801,181,W001,S036,434,150
I00802,181,W002,S040,586,187
I00803,181,W003,S044,781,148
I00804,181,W004,S017,447,69
I00805,181,W005,S038,973,73
I00806,181,W006,S003,974,24
I00807,181,W007,S017,876,49
I00808,181,W008,S038,61,107
I00809,181,W009,S010,980,121
I00810,181,W010,S040,279,180
I00811,182,W001,S038,463,59
I00812,182,W002,S004,534,135
I00813,182,W003,S043,87,94
I00814,182,W004,S039,916,85
I00815,182,W005,S027,160,169
I00816,182,W006,S024,908,61
I00817,182,W007,S007,779,163
I00818,182,W008,S002,214,75
I00819,182,W009,S039,605,49
I00820,182,W010,S009,294,70
I00821,183,W001,S039,362,64
I00822,183,W002,S015,589,128
I00823,183,W003,S023,773,81
I00824,183,W004,S033,754,181
I00825,183,W005,S032,660,92
I00826,183,W006,S004,914,57
I00827,183,W007,S014,670,146
I00828,183,W008,S016,373,184
I00829,183,W009,S017,698,196
I00830,183,W010,S034,275,154
I00831,184,W001,S030,126,45
I00832,184,W002,S032,128,121
I00833,184,W003,S045,363,66
I00834,184,W004,S036,313,67
I00835,184,W005,S009,679,46
I00836,184,W006,S043,889,26
I00837,184,W007,S008,805,177
I00838,184,W008,S021,516,155
I00839,184,W009,S020,788,82
I00840,184,W010,S041,538,121
I00841,185,W001,S018,252,113
I00842,185,W002,S026,658,81
I00843,185,W003,S002,723,64
I00844,185,W004,S022,93,158
I00845,185,W005,S007,153,163
I00846,185,W006,S044,313,56
I00847,185,W007,S011,232,122
I00848,185,W008,S049,768,35
I00849,185,W009,S040,813,152
I00850,185,W010,S047,561,119
I00851,186,W001,S040,566,21
I00852,186,W002,S046,508,119
I00853,186,W003,S044,277,76
I00854,186,W004,S017,153,75
I00855,186,W005,S022,405,72
I00856,186,W006,S019,930,58
I00857,186,W007,S030,781,27
I00858,186,W008,S015,200,185
I00859,186,W009,S030,263,39
I00860,186,W010,S031,709,100
I00861,187,W001,S050,950,83
I00862,187,W002,S017,215,108
I00863,187,W003,S016,910,35
I00864,187,W004,S044,588,27
I00865,187,W005,S037,436,178
I00866,187,W006,S040,721,54
I00867,187,W007,S039,682,141
I00868,187,W008,S040,660,197
I00869,187,W009,S025,723,144
I00870,187,W010,S049,824,159
I00871,188,W001,S021,352,117
I00872,188,W002,S028,997,194
I00873,188,W003,S045,628,58
I00874,188,W004,S016,402,87
I00875,188,W005,S018,203,170
I00876,188,W006,S038,795,106
I00877,188,W007,S044,188,184
I00878,188,W008,S012,513,168
I00879,188,W009,S021,602,146
I00880,188,W010,S010,418,181
I00881,189,W001,S036,884,82
I00882,189,W002,S035,622,34
I00883,189,W003,S038,660,36
I00884,189,W004,S033,237,57
I00885,189,W005,S043,418,130
I00886,189,W006,S008,453,42
I00887,189,W007,S024,928,78
I00888,189,W008,S039,843,35
I00889,189,W009,S039,439,167
I00890,189,W010,S027,522,91
I00891,190,W001,S046,355,142
I00892,190,W002,S005,665,138
I00893,190,W003,S018,409,192
I00894,190,W004,S037,878,90
I00895,190,W005,S016,485,171
I00896,190,W006,S048,131,66
I00897,190,W007,S034,734,185
I00898,190,W008,S011,854,106
I00899,190,W009,S027,233,43
I00900,190,W010,S008,63,143
I00901,191,W001,S049,350,99
I00902,191,W002,S017,769,24
I00903,191,W003,S048,165,85
I00904,191,W004,S017,376,21
I00905,191,W005,S037,199,74
I00906,191,W006,S046,302,74
I00907,191,W007,S023,978,80
I00908,191,W008,S045,473,92
I00909,191,W009,S004,560,119
I00910,191,W010,S004,112,156
I00911,192,W001,S029,700,132
I00912,192,W002,S003,717,67
I00913,192,W003,S044,878,25
I00914,192,W004,S020,614,22
I00915,192,W005,S013,74,90
I00916,192,W006,S047,109,47
I00917,192,W007,S010,502,133
I00918,192,W008,S018,346,177
I00919,192,W009,S033,503,21
I00920,192,W010,S006,547,176
I00921,193,W001,S037,389,63
I00922,193,W002,S026,836,49
I00923,193,W003,S030,70,35
I00924,193,W004,S010,84,110
I00925,193,W005,S015,854,96
I00926,193,W006,S034,289,28
I00927,193,W007,S032,199,161
I00928,193,W008,S019,686,60
I00929,193,W009,S014,983,152
I00930,193,W010,S013,623,33
I00931,194,W001,S040,828,111
I00932,194,W002,S007,68,84
I00933,194,W003,S040,420,142
I00934,194,W004,S033,468,132
I00935,194,W005,S039,466,26
I00936,194,W006,S026,348,62
I00937,194,W007,S001,874,96
I00938,194,W008,S012,441,37
I00939,194,W009,S046,188,65
I00940,194,W010,S028,891,156
I00941,195,W001,S023,716,101
I00942,195,W002,S049,951,161
I00943,195,W003,S049,856,82
I00944,195,W004,S005,56,66
I00945,195,W005,S005,719,69
I00946,195,W006,S036,765,161
I00947,195,W007,S029,945,44
I00948,195,W008,S008,548,153
I00949,195,W009,S034,686,186
I00950,195,W010,S007,832,74
I00951,196,W001,S011,312,49
I00952,196,W002,S015,898,198
I00953,196,W003,S024,798,103
I00954,196,W004,S003,238,23
I00955,196,W005,S002,166,83
I00956,196,W006,S008,292,170
I00957,196,W007,S022,987,59
I00958,196,W008,S036,268,36
I00959,196,W009,S019,672,177
I00960,196,W010,S044,690,54
I00961,197,W001,S006,969,92
I00962,197,W002,S026,605,187
I00963,197,W003,S023,912,143
I00964,197,W004,S013,806,80
I00965,197,W005,S023,990,42
I00966,197,W006,S014,845,178
I00967,197,W007,S007,476,55
I00968,197,W008,S031,583,136
I00969,197,W009,S033,186,160
I00970,197,W010,S010,657,22
I00971,198,W001,S009,387,61
I00972,198,W002,S042,256,128
I00973,198,W003,S046,138,118
I00974,198,W004,S006,795,117
I00975,198,W005,S019,256,148
I00976,198,W006,S041,882,118
I00977,198,W007,S048,520,177
I00978,198,W008,S021,555,171
I00979,198,W009,S013,393,198
I00980,198,W010,S040,187,133
I00981,199,W001,S025,234,61
I00982,199,W002,S017,276,81
I00983,199,W003,S019,913,89
I00984,199,W004,S031,267,74
I00985,199,W005,S017,83,138
I00986,199,W006,S021,994,54
I00987,199,W007,S009,482,36
I00988,199,W008,S022,92,68
I00989,199,W009,S030,137,169
I00990,199,W010,S006,808,159
I00991,200,W001,S033,624,41
I00992,200,W002,S031,193,152
I00993,200,W003,S007,978,25
I00994,200,W004,S008,392,196
I00995,200,W005,S010,431,46
I00996,200,W006,S023,99,183
I00997,200,W007,S038,440,177
I00998,200,W008,S028,718,146
I00999,200,W009,S031,684,27
I01000,200,W010,S016,425,147
I01001,201,W001,S013,200,24
I01002,201,W002,S031,812,162
I01003,201,W003,S004,684,62
I01004,201,W004,S045,968,139
I01005,201,W005,S039,302,171
I01006,201,W006,S028,64,86
I01007,201,W007,S017,355,133
I01008,201,W008,S034,220,20
I01009,201,W009,S040,784,49
I01010,201,W010,S050,451,90
I01011,202,W001,S040,426,120
I01012,202,W002,S018,958,28
I01013,202,W003,S026,282,187
I01014,202,W004,S019,326,29
I01015,202,W005,S019,494,193
I01016,202,W006,S049,649,136
I01017,202,W007,S002,653,70
I01018,202,W008,S036,195,33
I01019,202,W009,S014,424,126
I01020,202,W010,S033,867,71
I01021,203,W001,S003,320,105
I01022,203,W002,S006,896,149
I01023,203,W003,S035,411,192
I01024,203,W004,S011,533,98
I01025,203,W005,S046,503,105
I01026,203,W006,S004,495,98
I01027,203,W007,S020,333,112
I01028,203,W008,S005,535,97
I01029,203,W009,S026,157,165
I01030,203,W010,S030,617,117
I01031,204,W001,S025,950,132
I01032,204,W002,S034,55,111
I01033,204,W003,S026,101,175
I01034,204,W004,S021,883,181
I01035,204,W005,S008,301,184
I01036,204,W006,S033,539,43
I01037,204,W007,S012,635,117
I01038,204,W008,S042,880,89
I01039,204,W009,S035,934,114
I01040,204,W010,S030,429,23
I01041,205,W001,S020,186,64
I01042,205,W002,S019,845,58
I01043,205,W003,S036,929,78
I01044,205,W004,S024,585,89
I01045,205,W005,S044,522,184
I01046,205,W006,S028,350,131
I01047,205,W007,S025,175,132
I01048,205,W008,S046,893,36
I01049,205,W009,S035,717,183
I01050,205,W010,S001,162,90
I01051,206,W001,S038,590,69
I01052,206,W002,S014,592,159
I01053,206,W003,S001,782,183
I01054,206,W004,S023,651,51
I01055,206,W005,S010,353,62
I01056,206,W006,S042,834,130
I01057,206,W007,S025,511,161
I01058,206,W008,S039,691,67
I01059,206,W009,S030,164,122
I01060,206,W010,S012,836,48
I01061,207,W001,S040,220,187
I01062,207,W002,S040,255,110
I01063,207,W003,S034,827,51
I01064,207,W004,S050,510,33
I01065,207,W005,S048,611,161
I01066,207,W006,S040,758,158
I01067,207,W007,S039,729,161
I01068,207,W008,S048,491,150
I01069,207,W009,S027,118,95
I01070,207,W010,S015,647,43
I01071,208,W001,S019,923,83
I01072,208,W002,S033,312,64
I01073,208,W003,S020,451,138
I01074,208,W004,S004,847,41
I01075,208,W005,S005,818,116
I01076,208,W006,S029,544,160
I01077,208,W007,S022,715,36
I01078,208,W008,S036,613,188
I01079,208,W009,S005,665,163
I01080,208,W010,S024,323,162
I01081,209,W001,S023,349,181
I01082,209,W002,S045,476,185
I01083,209,W003,S001,692,150
I01084,209,W004,S006,760,142
I01085,209,W005,S019,96,28
I01086,209,W006,S031,635,114
I01087,209,W007,S018,741,122
I01088,209,W008,S003,484,93
I01089,209,W009,S010,755,113
I01090,209,W010,S018,999,143
I01091,210,W001,S013,249,185
I01092,210,W002,S036,411,111
I01093,210,W003,S003,83,184
I01094,210,W004,S009,979,47
I01095,210,W005,S039,86,31
I01096,210,W006,S032,109,26
I01097,210,W007,S034,682,102
I01098,210,W008,S003,648,58
I01099,210,W009,S012,687,26
I01100,210,W010,S021,190,132
I01101,211,W001,S003,440,163
I01102,211,W002,S009,828,121
I01103,211,W003,S001,435,35
I01104,211,W004,S005,707,178
I01105,211,W005,S002,566,83
I01106,211,W006,S042,541,195
I01107,211,W007,S012,596,100
I01108,211,W008,S014,988,67
I01109,211,W009,S003,440,104
I01110,211,W010,S027,391,106
I01111,212,W001,S042,278,170
I01112,212,W002,S012,978,72
I01113,212,W003,S005,107,140
I01114,212,W004,S032,623,94
I01115,212,W005,S006,525,151
I01116,212,W006,S046,995,45
I01117,212,W007,S014,952,112
I01118,212,W008,S023,744,126
I01119,212,W009,S047,519,167
I01120,212,W010,S014,623,91
I01121,213,W001,S010,353,146
I01122,213,W002,S019,659,33
I01123,213,W003,S024,528,199
I01124,213,W004,S046,901,134
I01125,213,W005,S040,735,85
I01126,213,W006,S014,718,64
I01127,213,W007,S002,473,125
I01128,213,W008,S029,199,200
I01129,213,W009,S046,791,177
I01130,213,W010,S043,362,193
I01131,214,W001,S008,144,41
I01132,214,W002,S045,690,48
I01133,214,W003,S010,173,20
I01134,214,W004,S037,346,63
I01135,214,W005,S044,240,124
I01136,214,W006,S019,227,159
I01137,214,W007,S001,1000,177
I01138,214,W008,S022,166,141
I01139,214,W009,S039,517,144
I01140,214,W010,S025,300,30
I01141,215,W001,S048,255,90
I01142,215,W002,S047,617,53
I01143,215,W003,S048,411,200
I01144,215,W004,S004,317,28
I01145,215,W005,S045,710,171
I01146,215,W006,S002,375,129
I01147,215,W007,S042,90,72
I01148,215,W008,S006,104,97
I01149,215,W009,S033,103,139
I01150,215,W010,S046,168,53
I01151,216,W001,S030,109,103
I01152,216,W002,S008,604,79
I01153,216,W003,S019,746,63
I01154,216,W004,S050,664,57
I01155,216,W005,S028,809,28
I01156,216,W006,S024,769,69
I01157,216,W007,S047,62,184
I01158,216,W008,S043,844,46
I01159,216,W009,S013,508,43
I01160,216,W010,S008,170,188
I01161,217,W001,S003,529,82
I01162,217,W002,S006,606,167
I01163,217,W003,S044,422,116
I01164,217,W004,S020,526,185
I01165,217,W005,S045,458,168
I01166,217,W006,S018,275,130
I01167,217,W007,S019,365,21
I01168,217,W008,S045,169,141
I01169,217,W009,S007,60,79
I01170,217,W010,S025,963,84
I01171,218,W001,S006,611,94
I01172,218,W002,S039,479,89
I01173,218,W003,S002,396,29
I01174,218,W004,S012,659,164
I01175,218,W005,S028,648,74
I01176,218,W006,S020,965,172
I01177,218,W007,S030,859,75
I01178,218,W008,S019,935,123
I01179,218,W009,S033,768,103
I01180,218,W010,S014,929,151
I01181,219,W001,S030,947,54
I01182,219,W002,S041,231,71
I01183,219,W003,S016,794,148
I01184,219,W004,S036,296,160
I01185,219,W005,S007,440,163
I01186,219,W006,S007,829,55
I01187,219,W007,S040,132,51
I01188,219,W008,S047,944,193
I01189,219,W009,S016,392,64
I01190,219,W010,S013,774,98
I01191,220,W001,S001,678,197
I01192,220,W002,S017,550,137
I01193,220,W003,S020,83,117
I01194,220,W004,S008,276,143
I01195,220,W005,S028,312,58
I01196,220,W006,S034,451,60
I01197,220,W007,S039,850,101
I01198,220,W008,S007,389,198
I01199,220,W009,S014,812,158
I01200,220,W010,S002,811,125
I01201,221,W001,S041,754,172
I01202,221,W002,S006,662,89
I01203,221,W003,S049,482,174
I01204,221,W004,S039,661,32
I01205,221,W005,S033,968,120
I01206,221,W006,S037,339,52
I01207,221,W007,S043,723,115
I01208,221,W008,S003,986,198
I01209,221,W009,S011,935,91
I01210,221,W010,S008,426,152
I01211,222,W001,S021,122,74
I01212,222,W002,S049,629,25
I01213,222,W003,S013,368,24
I01214,222,W004,S001,272,82
I01215,222,W005,S044,743,142
I01216,222,W006,S017,511,168
I01217,222,W007,S028,926,175
I01218,222,W008,S046,575,164
I01219,222,W009,S027,931,97
I01220,222,W010,S002,200,90
I01221,223,W001,S012,739,155
I01222,223,W002,S040,588,75
I01223,223,W003,S014,443,40
I01224,223,W004,S029,633,102
I01225,223,W005,S047,508,124
I01226,223,W006,S037,881,197
I01227,223,W007,S018,754,98
I01228,223,W008,S048,95,29
I01229,223,W009,S050,972,131
I01230,223,W010,S039,825,59
I01231,224,W001,S042,105,30
I01232,224,W002,S003,882,192
I01233,224,W003,S001,190,175
I01234,224,W004,S014,760,177
I01235,224,W005,S009,961,110
I01236,224,W006,S050,793,65
I01237,224,W007,S004,205,71
I01238,224,W008,S017,460,43
I01239,224,W009,S001,694,61
I01240,224,W010,S040,478,178
I01241,225,W001,S034,427,49
I01242,225,W002,S004,918,185
I01243,225,W003,S005,624,76
I01244,225,W004,S009,857,160
I01245,225,W005,S043,655,80
I01246,225,W006,S033,573,79
I01247,225,W007,S046,919,135
I01248,225,W008,S025,178,136
I01249,225,W009,S040,188,185
I01250,225,W010,S043,285,58
I01251,226,W001,S033,454,92
I01252,226,W002,S037,380,167
I01253,226,W003,S014,279,109
I01254,226,W004,S006,448,116
I01255,226,W005,S008,214,92
I01256,226,W006,S043,270,76
I01257,226,W007,S015,152,62
I01258,226,W008,S028,678,172
I01259,226,W009,S010,861,50
I01260,226,W010,S038,772,112
I01261,227,W001,S024,786,149
I01262,227,W002,S012,308,153
I01263,227,W003,S050,124,107
I01264,227,W004,S009,799,65
I01265,227,W005,S042,636,74
I01266,227,W006,S037,343,191
I01267,227,W007,S007,765,90
I01268,227,W008,S033,244,61
I01269,227,W009,S015,717,31
I01270,227,W010,S006,719,56
I01271,228,W001,S044,888,152
I01272,228,W002,S038,518,150
I01273,228,W003,S011,808,163
I01274,228,W004,S016,395,118
I01275,228,W005,S042,611,71
I01276,228,W006,S009,604,33
I01277,228,W007,S034,453,76
I01278,228,W008,S022,208,59
I01279,228,W009,S014,866,80
I01280,228,W010,S046,445,62
I01281,229,W001,S016,811,159
I01282,229,W002,S049,574,30
I01283,229,W003,S015,122,159
I01284,229,W004,S010,776,115
I01285,229,W005,S026,133,95
I01286,229,W006,S018,954,196
I01287,229,W007,S002,449,187
I01288,229,W008,S029,722,99
I01289,229,W009,S006,511,139
I01290,229,W010,S035,452,118
I01291,230,W001,S007,651,63
I01292,230,W002,S034,899,33
I01293,230,W003,S045,882,196
I01294,230,W004,S020,878,66
I01295,230,W005,S032,929,149
I01296,230,W006,S046,82,46
I01297,230,W007,S036,811,169
I01298,230,W008,S045,938,82
I01299,230,W009,S021,223,80
I01300,230,W010,S026,84,66
I01301,231,W001,S015,579,189
I01302,231,W002,S045,520,192
I01303,231,W003,S023,879,87
I01304,231,W004,S010,179,137
I01305,231,W005,S002,602,173
I01306,231,W006,S007,65,153
I01307,231,W007,S026,845,67
I01308,231,W008,S046,998,171
I01309,231,W009,S019,444,23
I01310,231,W010,S014,524,152
I01311,232,W001,S005,59,45
I01312,232,W002,S045,52,143
I01313,232,W003,S004,237,69
I01314,232,W004,S021,718,54
I01315,232,W005,S003,973,188
I01316,232,W006,S031,487,105
I01317,232,W007,S025,735,103
I01318,232,W008,S044,297,72
I01319,232,W009,S011,695,54
I01320,232,W010,S047,547,37
I01321,233,W001,S049,129,68
I01322,233,W002,S029,936,43
I01323,233,W003,S029,747,64
I01324,233,W004,S020,283,136
I01325,233,W005,S045,330,181
I01326,233,W006,S049,493,92
I01327,233,W007,S049,984,79
I01328,233,W008,S042,944,171
I01329,233,W009,S013,841,38
I01330,233,W010,S047,729,91
I01331,234,W001,S016,967,182
I01332,234,W002,S037,950,150
I01333,234,W003,S033,51,138
I01334,234,W004,S021,949,191
I01335,234,W005,S024,362,31
I01336,234,W006,S043,848,73
I01337,234,W007,S019,340,71
I01338,234,W008,S030,151,169
I01339,234,W009,S048,976,89
I01340,234,W010,S022,213,46
I01341,235,W001,S013,812,106
I01342,235,W002,S017,968,62
I01343,235,W003,S034,322,148
I01344,235,W004,S029,258,103
I01345,235,W005,S008,113,53
I01346,235,W006,S012,723,50
I01347,235,W007,S031,242,29
I01348,235,W008,S030,177,148
I01349,235,W009,S037,736,142
I01350,235,W010,S011,82,178
I01351,236,W001,S037,982,48
I01352,236,W002,S042,468,138
I01353,236,W003,S037,293,113
I01354,236,W004,S030,836,137
I01355,236,W005,S035,829,136
I01356,236,W006,S009,369,139
I01357,236,W007,S014,643,141
I01358,236,W008,S046,548,175
I01359,236,W009,S041,771,58
I01360,236,W010,S008,166,172
I01361,237,W001,S016,417,65
I01362,237,W002,S038,996,21
I01363,237,W003,S036,229,174
I01364,237,W004,S049,220,67
I01365,237,W005,S004,557,167
I01366,237,W006,S043,256,169
I01367,237,W007,S042,310,134
I01368,237,W008,S036,273,137
I01369,237,W009,S001,194,32
I01370,237,W010,S013,296,21
I01371,238,W001,S016,685,60
I01372,238,W002,S007,511,67
I01373,238,W003,S006,88,91
I01374,238,W004,S044,227,71
I01375,238,W005,S015,68,179
I01376,238,W006,S043,486,153
I01377,238,W007,S032,819,155
I01378,238,W008,S044,927,104
I01379,238,W009,S012,358,168
I01380,238,W010,S037,373,126
I01381,239,W001,S039,721,192
I01382,239,W002,S046,698,117
I01383,239,W003,S039,237,184
I01384,239,W004,S031,765,56
I01385,239,W005,S016,928,92
I01386,239,W006,S040,499,168
I01387,239,W007,S027,216,188
I01388,239,W008,S018,366,43
I01389,239,W009,S012,955,114
I01390,239,W010,S020,864,169
I01391,240,W001,S047,710,99
I01392,240,W002,S037,683,43
I01393,240,W003,S008,706,185
I01394,240,W004,S030,973,122
I01395,240,W005,S029,762,178
I01396,240,W006,S050,662,76
I01397,240,W007,S022,571,29
I01398,240,W008,S042,997,175
I01399,240,W009,S047,893,146
I01400,240,W010,S026,545,128
I01401,241,W001,S031,330,109
I01402,241,W002,S036,553,90
I01403,241,W003,S029,975,137
I01404,241,W004,S014,381,119
I01405,241,W005,S021,835,71
I01406,241,W006,S015,920,165
I01407,241,W007,S035,267,143
I01408,241,W008,S002,988,115
I01409,241,W009,S004,939,168
I01410,241,W010,S014,957,25
I01411,242,W001,S018,675,174
I01412,242,W002,S009,582,122
I01413,242,W003,S044,554,123
I01414,242,W004,S025,844,90
I01415,242,W005,S023,871,97
I01416,242,W006,S026,996,56
I01417,242,W007,S006,730,178
I01418,242,W008,S008,397,199
I01419,242,W009,S037,405,151
I01420,242,W010,S026,149,95
I01421,243,W001,S007,812,198
I01422,243,W002,S003,351,106
I01423,243,W003,S024,839,44
I01424,243,W004,S024,315,87
I01425,243,W005,S029,118,72
I01426,243,W006,S025,466,71
I01427,243,W007,S046,900,174
I01428,243,W008,S025,148,32
I01429,243,W009,S003,280,103
I01430,243,W010,S002,555,116
I01431,244,W001,S036,644,37
I01432,244,W002,S004,937,38
I01433,244,W003,S014,164,51
I01434,244,W004,S009,136,62
I01435,244,W005,S050,771,35
I01436,244,W006,S022,84,148
I01437,244,W007,S015,857,65
I01438,244,W008,S009,51,37
I01439,244,W009,S004,976,71
I01440,244,W010,S034,279,111
I01441,245,W001,S013,638,65
I01442,245,W002,S002,132,163
I01443,245,W003,S046,433,93
I01444,245,W004,S025,498,52
I01445,245,W005,S019,85,35
I01446,245,W006,S007,792,82
I01447,245,W007,S019,158,22
I01448,245,W008,S011,739,56
I01449,245,W009,S025,675,168
I01450,245,W010,S026,570,79
I01451,246,W001,S030,768,80
I01452,246,W002,S048,919,115
I01453,246,W003,S031,455,122
I01454,246,W004,S025,251,82
I01455,246,W005,S005,844,174
I01456,246,W006,S015,71,184
I01457,246,W007,S021,927,152
I01458,246,W008,S023,587,134
I01459,246,W009,S017,904,79
I01460,246,W010,S014,352,42
I01461,247,W001,S023,549,157
I01462,247,W002,S027,753,145
I01463,247,W003,S004,79,154
I01464,247,W004,S036,270,103
I01465,247,W005,S026,223,88
I01466,247,W006,S037,789,82
I01467,247,W007,S042,368,86
I01468,247,W008,S023,924,110
I01469,247,W009,S029,435,189
I01470,247,W010,S024,999,89
I01471,248,W001,S004,433,184
I01472,248,W002,S039,673,199
I01473,248,W003,S048,912,193
I01474,248,W004,S044,341,80
I01475,248,W005,S001,934,111
I01476,248,W006,S046,863,109
I01477,248,W007,S011,894,100
I01478,248,W008,S015,627,175
I01479,248,W009,S017,793,183
I01480,248,W010,S031,51,117
I01481,249,W001,S015,682,42
I01482,249,W002,S022,658,112
I01483,249,W003,S009,431,31
I01484,249,W004,S002,224,123
I01485,249,W005,S001,752,85
I01486,249,W006,S010,491,34
I01487,249,W007,S009,625,191
I01488,249,W008,S006,184,80
I01489,249,W009,S050,766,118
I01490,249,W010,S049,782,145
I01491,250,W001,S022,766,28
I01492,250,W002,S010,548,95
I01493,250,W003,S003,507,195
I01494,250,W004,S033,757,94
I01495,250,W005,S025,462,180
I01496,250,W006,S017,300,62
I01497,250,W007,S034,438,180
I01498,250,W008,S021,103,97
I01499,250,W009,S050,584,147
I01500,250,W010,S018,669,163
I01501,251,W001,S016,293,119
I01502,251,W002,S023,148,129
I01503,251,W003,S001,511,150
I01504,251,W004,S025,444,191
I01505,251,W005,S040,763,61
I01506,251,W006,S045,377,26
I01507,251,W007,S023,760,172
I01508,251,W008,S014,279,146
I01509,251,W009,S007,766,88
I01510,251,W010,S037,784,99
I01511,252,W001,S037,893,145
I01512,252,W002,S040,785,135
I01513,252,W003,S041,432,50
I01514,252,W004,S017,105,63
I01515,252,W005,S002,810,79
I01516,252,W006,S034,938,113
I01517,252,W007,S029,512,88
I01518,252,W008,S042,871,146
I01519,252,W009,S034,450,143
I01520,252,W010,S029,203,80
I01521,253,W001,S011,185,99
I01522,253,W002,S045,183,36
I01523,253,W003,S029,968,141
I01524,253,W004,S016,576,142
I01525,253,W005,S009,400,43
I01526,253,W006,S022,710,153
I01527,253,W007,S017,356,50
I01528,253,W008,S039,265,45
I01529,253,W009,S036,984,130
I01530,253,W010,S032,470,96
I01531,254,W001,S036,837,180
I01532,254,W002,S010,337,98
I01533,254,W003,S027,889,105
I01534,254,W004,S011,690,35
I01535,254,W005,S040,70,185
I01536,254,W006,S049,239,58
I01537,254,W007,S039,988,30
I01538,254,W008,S012,809,185
I01539,254,W009,S016,66,61
I01540,254,W010,S048,72,124
I01541,255,W001,S024,438,124
I01542,255,W002,S025,981,43
I01543,255,W003,S027,856,149
I01544,255,W004,S009,799,168
I01545,255,W005,S019,342,130
I01546,255,W006,S004,148,144
I01547,255,W007,S038,677,181
I01548,255,W008,S021,740,185
I01549,255,W009,S022,609,176
I01550,255,W010,S042,607,185
I01551,256,W001,S005,554,200
I01552,256,W002,S005,127,143
I01553,256,W003,S037,913,105
I01554,256,W004,S046,722,156
I01555,256,W005,S028,921,124
I01556,256,W006,S050,622,133
I01557,256,W007,S027,734,182
I01558,256,W008,S004,778,187
I01559,256,W009,S041,794,152
I01560,256,W010,S025,794,47
I01561,257,W001,S016,808,123
I01562,257,W002,S021,441,191
I01563,257,W003,S039,355,88
I01564,257,W004,S024,462,25
I01565,257,W005,S033,242,130
I01566,257,W006,S050,582,192
I01567,257,W007,S001,893,20
I01568,257,W008,S047,359,28
I01569,257,W009,S028,638,132
I01570,257,W010,S030,134,111
I01571,258,W001,S004,900,115
I01572,258,W002,S050,253,37
I01573,258,W003,S022,889,90
I01574,258,W004,S015,178,104
I01575,258,W005,S027,511,175
I01576,258,W006,S007,85,33
I01577,258,W007,S042,107,171
I01578,258,W008,S034,434,143
I01579,258,W009,S010,955,168
I01580,258,W010,S026,653,22
I01581,259,W001,S046,694,57
I01582,259,W002,S028,727,183
I01583,259,W003,S003,519,61
I01584,259,W004,S026,950,150
I01585,259,W005,S004,267,182
I01586,259,W006,S044,119,57
I01587,259,W007,S021,375,126
I01588,259,W008,S035,471,196
I01589,259,W009,S044,963,93
I01590,259,W010,S022,635,101
I01591,260,W001,S033,736,90
I01592,260,W002,S025,923,189
I01593,260,W003,S011,426,60
I01594,260,W004,S048,869,86
I01595,260,W005,S022,189,95
I01596,260,W006,S017,967,58
I01597,260,W007,S025,751,104
I01598,260,W008,S002,550,85
I01599,260,W009,S005,721,183
I01600,260,W010,S026,516,193
I01601,261,W001,S043,393,146
I01602,261,W002,S027,319,106
I01603,261,W003,S002,471,143
I01604,261,W004,S009,979,174
I01605,261,W005,S026,697,20
I01606,261,W006,S026,461,144
I01607,261,W007,S002,781,38
I01608,261,W008,S047,581,145
I01609,261,W009,S028,243,178
I01610,261,W010,S018,676,192
I01611,262,W001,S042,760,70
I01612,262,W002,S022,833,96
I01613,262,W003,S015,994,154
I01614,262,W004,S043,557,119
I01615,262,W005,S016,299,66
I01616,262,W006,S013,107,57
I01617,262,W007,S043,845,187
I01618,262,W008,S015,160,100
I01619,262,W009,S004,840,93
I01620,262,W010,S022,755,60
I01621,263,W001,S020,353,137
I01622,263,W002,S038,624,73
I01623,263,W003,S027,221,35
I01624,263,W004,S034,306,26
I01625,263,W005,S017,612,111
I01626,263,W006,S020,852,101
I01627,263,W007,S044,960,47
I01628,263,W008,S005,369,30
I01629,263,W009,S016,67,157
I01630,263,W010,S011,71,130
I01631,264,W001,S042,318,24
I01632,264,W002,S022,302,114
I01633,264,W003,S029,138,171
I01634,264,W004,S026,147,91
I01635,264,W005,S027,708,195
I01636,264,W006,S050,163,23
I01637,264,W007,S014,56,60
I01638,264,W008,S006,751,153
I01639,264,W009,S001,476,92
I01640,264,W010,S028,617,93
I01641,265,W001,S013,845,68
I01642,265,W002,S012,636,197
I01643,265,W003,S016,158,55
I01644,265,W004,S047,856,65
I01645,265,W005,S025,555,197
I01646,265,W006,S027,938,96
I01647,265,W007,S040,302,27
I01648,265,W008,S028,784,145
I01649,265,W009,S001,712,72
I01650,265,W010,S020,835,168
I01651,266,W001,S030,912,150
I01652,266,W002,S042,572,162
I01653,266,W003,S026,983,156
I01654,266,W004,S007,757,59
I01655,266,W005,S001,949,97
I01656,266,W006,S040,330,74
I01657,266,W007,S001,273,190
I01658,266,W008,S028,434,81
I01659,266,W009,S020,708,150
I01660,266,W010,S024,86,185
I01661,267,W001,S022,688,60
I01662,267,W002,S050,174,139
I01663,267,W003,S008,58,160
I01664,267,W004,S050,420,92
I01665,267,W005,S005,686,76
I01666,267,W006,S044,782,23
I01667,267,W007,S003,529,76
I01668,267,W008,S016,460,55
I01669,267,W009,S002,194,173
I01670,267,W010,S026,623,90
I01671,268,W001,S026,938,44
I01672,268,W002,S033,70,138
I01673,268,W003,S026,55,71
I01674,268,W004,S035,555,36
I01675,268,W005,S012,110,112
I01676,268,W006,S013,757,38
I01677,268,W007,S050,70,27
I01678,268,W008,S028,607,62
I01679,268,W009,S033,920,134
I01680,268,W010,S048,268,165
I01681,269,W001,S017,895,186
I01682,269,W002,S005,998,195
I01683,269,W003,S010,823,57
I01684,269,W004,S031,927,57
I01685,269,W005,S028,482,113
I01686,269,W006,S050,721,131
I01687,269,W007,S003,719,51
I01688,269,W008,S008,144,128
I01689,269,W009,S028,805,172
I01690,269,W010,S049,451,147
I01691,270,W001,S030,355,128
I01692,270,W002,S029,613,194
I01693,270,W003,S041,267,77
I01694,270,W004,S048,335,170
I01695,270,W005,S001,900,189
I01696,270,W006,S027,627,22
I01697,270,W007,S009,108,20
I01698,270,W008,S045,664,151
I01699,270,W009,S013,679,36
I01700,270,W010,S005,650,68
I01701,271,W001,S031,320,80
I01702,271,W002,S015,192,102
I01703,271,W003,S047,943,103
I01704,271,W004,S030,936,88
I01705,271,W005,S039,388,167
I01706,271,W006,S019,816,186
I01707,271,W007,S045,788,181
I01708,271,W008,S006,160,80
I01709,271,W009,S009,900,20
I01710,271,W010,S024,988,179
I01711,272,W001,S040,733,131
I01712,272,W002,S005,743,189
I01713,272,W003,S024,283,90
I01714,272,W004,S034,280,120
I01715,272,W005,S005,262,161
I01716,272,W006,S037,968,196
I01717,272,W007,S026,309,42
I01718,272,W008,S044,718,77
I01719,272,W009,S013,540,167
I01720,272,W010,S029,151,55
I01721,273,W001,S048,872,87
I01722,273,W002,S031,697,67
I01723,273,W003,S001,970,57
I01724,273,W004,S019,910,183
I01725,273,W005,S005,240,51
I01726,273,W006,S039,596,187
I01727,273,W007,S037,452,156
I01728,273,W008,S025,707,81
I01729,273,W009,S013,988,154
I01730,273,W010,S038,82,35
I01731,274,W001,S019,448,197
I01732,274,W002,S008,750,62
I01733,274,W003,S028,207,43
I01734,274,W004,S039,681,72
I01735,274,W005,S003,866,173
I01736,274,W006,S020,1000,110
I01737,274,W007,S016,839,65
I01738,274,W008,S017,162,190
I01739,274,W009,S022,550,38
I01740,274,W010,S014,506,168
I01741,275,W001,S037,764,179
I01742,275,W002,S014,792,57
I01743,275,W003,S006,120,148
I01744,275,W004,S025,280,141
I01745,275,W005,S032,226,177
I01746,275,W006,S033,315,37
I01747,275,W007,S037,991,168
I01748,275,W008,S042,783,112
I01749,275,W009,S005,681,117
I01750,275,W010,S011,197,131
I01751,276,W001,S016,756,116
I01752,276,W002,S027,627,78
I01753,276,W003,S003,521,69
I01754,276,W004,S041,504,177
I01755,276,W005,S040,429,67
I01756,276,W006,S027,430,169
I01757,276,W007,S018,168,142
I01758,276,W008,S033,830,29
I01759,276,W009,S014,107,172
I01760,276,W010,S004,407,151
I01761,277,W001,S044,328,115
I01762,277,W002,S038,803,187
I01763,277,W003,S006,726,190
I01764,277,W004,S047,423,28
I01765,277,W005,S033,707,39
I01766,277,W006,S010,244,40
I01767,277,W007,S001,784,81
I01768,277,W008,S042,223,110
I01769,277,W009,S043,900,62
I01770,277,W010,S048,708,174
I01771,278,W001,S005,799,39
I01772,278,W002,S046,118,170
I01773,278,W003,S025,72,37
I01774,278,W004,S017,290,155
I01775,278,W005,S029,493,103
I01776,278,W006,S011,610,76
I01777,278,W007,S023,433,165
I01778,278,W008,S047,584,97
I01779,278,W009,S044,646,168
I01780,278,W010,S048,422,24
I01781,279,W001,S003,794,192
I01782,279,W002,S005,442,41
I01783,279,W003,S043,588,87
I01784,279,W004,S049,248,27
I01785,279,W005,S006,64,186
I01786,279,W006,S004,239,104
I01787,279,W007,S038,810,144
I01788,279,W008,S032,866,95
I01789,279,W009,S033,800,170
I01790,279,W010,S049,377,144
I01791,280,W001,S045,957,84
I01792,280,W002,S028,904,66
I01793,280,W003,S044,308,121
I01794,280,W004,S032,312,120
I01795,280,W005,S041,279,37
I01796,280,W006,S006,275,132
I01797,280,W007,S007,1000,188
I01798,280,W008,S041,84,196
I01799,280,W009,S010,227,114
I01800,280,W010,S041,392,69
I01801,281,W001,S046,813,65
I01802,281,W002,S028,120,154
I01803,281,W003,S003,441,140
I01804,281,W004,S049,243,109
I01805,281,W005,S048,626,198
I01806,281,W006,S045,192,56
I01807,281,W007,S047,320,134
I01808,281,W008,S042,298,175
I01809,281,W009,S033,109,83
I01810,281,W010,S015,469,69
I01811,282,W001,S010,365,28
I01812,282,W002,S045,772,120
I01813,282,W003,S024,160,82
I01814,282,W004,S022,835,197
I01815,282,W005,S013,141,124
I01816,282,W006,S031,856,98
I01817,282,W007,S027,346,64
I01818,282,W008,S036,197,64
I01819,282,W009,S003,103,110
I01820,282,W010,S024,145,42
I01821,283,W001,S021,363,178
I01822,283,W002,S045,485,92
I01823,283,W003,S032,663,76
I01824,283,W004,S025,794,118
I01825,283,W005,S045,592,185
I01826,283,W006,S015,935,101
I01827,283,W007,S020,309,143
I01828,283,W008,S029,628,103
I01829,283,W009,S011,933,73
I01830,283,W010,S004,345,164
I01831,284,W001,S029,845,134
I01832,284,W002,S010,339,197
I01833,284,W003,S020,298,75
I01834,284,W004,S025,645,38
I01835,284,W005,S002,922,135
I01836,284,W006,S031,83,62
I01837,284,W007,S001,978,65
I01838,284,W008,S016,589,95
I01839,284,W009,S038,874,174
I01840,284,W010,S027,408,97
I01841,285,W001,S034,291,199
I01842,285,W002,S028,724,46
I01843,285,W003,S033,839,78
I01844,285,W004,S013,444,152
I01845,285,W005,S005,676,27
I01846,285,W006,S046,793,163
I01847,285,W007,S020,918,66
I01848,285,W008,S046,476,127
I01849,285,W009,S050,847,186
I01850,285,W010,S023,99,53
I01851,286,W001,S036,852,77
I01852,286,W002,S031,918,200
I01853,286,W003,S022,257,136
I01854,286,W004,S023,925,51
I01855,286,W005,S025,796,192
I01856,286,W006,S050,496,194
I01857,286,W007,S020,530,175
I01858,286,W008,S027,499,125
I01859,286,W009,S011,683,135
I01860,286,W010,S023,143,114
I01861,287,W001,S018,732,150
I01862,287,W002,S023,836,24
I01863,287,W003,S049,411,144
I01864,287,W004,S042,384,149
I01865,287,W005,S039,999,104
I01866,287,W006,S001,358,187
I01867,287,W007,S048,869,148
I01868,287,W008,S017,705,125
I01869,287,W009,S010,572,186
I01870,287,W010,S002,62,151
I01871,288,W001,S039,77,122
I01872,288,W002,S049,433,175
I01873,288,W003,S039,160,153
I01874,288,W004,S015,558,153
I01875,288,W005,S002,374,113
I01876,288,W006,S012,564,145
I01877,288,W007,S005,313,75
I01878,288,W008,S004,936,52
I01879,288,W009,S017,939,114
I01880,288,W010,S014,581,55
I01881,289,W001,S024,253,141
I01882,289,W002,S008,334,161
I01883,289,W003,S034,72,175
I01884,289,W004,S011,447,174
I01885,289,W005,S034,499,164
I01886,289,W006,S023,211,122
I01887,289,W007,S036,148,66
I01888,289,W008,S045,593,145
I01889,289,W009,S023,632,72
I01890,289,W010,S034,348,84
I01891,290,W001,S044,670,59
I01892,290,W002,S012,891,149
I01893,290,W003,S040,952,186
I01894,290,W004,S037,660,113
I01895,290,W005,S009,664,87
I01896,290,W006,S005,242,171
I01897,290,W007,S023,549,107
I01898,290,W008,S020,425,164
I01899,290,W009,S047,87,57
I01900,290,W010,S037,300,73
I01901,291,W001,S021,123,118
I01902,291,W002,S001,554,94
I01903,291,W003,S044,495,93
I01904,291,W004,S048,79,100
I01905,291,W005,S034,131,89
I01906,291,W006,S021,736,197
I01907,291,W007,S005,382,62
I01908,291,W008,S003,341,120
I01909,291,W009,S047,972,159
I01910,291,W010,S026,355,88
I01911,292,W001,S021,769,62
I01912,292,W002,S017,543,46
I01913,292,W003,S015,172,29
I01914,292,W004,S002,963,112
I01915,292,W005,S040,256,178
I01916,292,W006,S039,374,26
I01917,292,W007,S038,960,53
I01918,292,W008,S011,525,85
I01919,292,W009,S044,682,172
I01920,292,W010,S027,642,155
I01921,293,W001,S045,402,132
I01922,293,W002,S040,314,102
I01923,293,W003,S016,63,199
I01924,293,W004,S033,440,114
I01925,293,W005,S023,590,129
I01926,293,W006,S034,443,171
I01927,293,W007,S049,458,136
I01928,293,W008,S027,341,22
I01929,293,W009,S043,799,93
I01930,293,W010,S025,251,79
I01931,294,W001,S005,817,113
I01932,294,W002,S026,527,191
I01933,294,W003,S015,874,90
I01934,294,W004,S010,643,175
I01935,294,W005,S033,742,149
I01936,294,W006,S050,230,26
I01937,294,W007,S018,521,152
I01938,294,W008,S048,454,68
I01939,294,W009,S024,806,37
I01940,294,W010,S035,260,195
I01941,295,W001,S012,903,50
I01942,295,W002,S019,203,111
I01943,295,W003,S036,644,182
I01944,295,W004,S033,500,192
I01945,295,W005,S031,298,93
I01946,295,W006,S023,852,112
I01947,295,W007,S011,50,187
I01948,295,W008,S043,469,26
I01949,295,W009,S047,180,151
I01950,295,W010,S041,305,50
I01951,296,W001,S001,997,189
I01952,296,W002,S048,641,108
I01953,296,W003,S006,741,30
I01954,296,W004,S008,929,106
I01955,296,W005,S006,439,64
I01956,296,W006,S041,277,141
I01957,296,W007,S022,806,191
I01958,296,W008,S042,520,190
I01959,296,W009,S027,252,129
I01960,296,W010,S014,61,131
I01961,297,W001,S026,924,173
I01962,297,W002,S001,176,103
I01963,297,W003,S024,288,25
I01964,297,W004,S026,745,139
I01965,297,W005,S020,287,131
I01966,297,W006,S010,386,119
I01967,297,W007,S037,254,47
I01968,297,W008,S034,638,200
I01969,297,W009,S047,83,20
I01970,297,W010,S040,927,158
I01971,298,W001,S034,126,149
I01972,298,W002,S031,990,127
I01973,298,W003,S011,86,146
I01974,298,W004,S017,391,38
I01975,298,W005,S019,524,31
I01976,298,W006,S006,678,158
I01977,298,W007,S030,980,37
I01978,298,W008,S010,270,171
I01979,298,W009,S011,137,195
I01980,298,W010,S018,54,98
I01981,299,W001,S040,843,67
I01982,299,W002,S035,419,94
I01983,299,W003,S047,294,111
I01984,299,W004,S022,671,107
I01985,299,W005,S016,117,141
I01986,299,W006,S030,909,126
I01987,299,W007,S042,411,69
I01988,299,W008,S027,405,195
I01989,299,W009,S003,914,192
I01990,299,W010,S011,524,161
I01991,300,W001,S034,686,30
I01992,300,W002,S044,847,189
I01993,300,W003,S023,149,106
I01994,300,W004,S034,345,80
I01995,300,W005,S003,956,184
I01996,300,W006,S020,192,83
I01997,300,W007,S034,465,196
I01998,300,W008,S015,224,62
I01999,300,W009,S006,183,106
I02000,300,W010,S030,399,148
I02001,301,W001,S041,672,115
I02002,301,W002,S024,942,120
I02003,301,W003,S012,390,80
I02004,301,W004,S015,989,200
I02005,301,W005,S030,310,178
I02006,301,W006,S004,896,77
I02007,301,W007,S008,356,180
I02008,301,W008,S004,315,55
I02009,301,W009,S012,176,185
I02010,301,W010,S031,752,125
I02011,302,W001,S010,817,126
I02012,302,W002,S045,454,149
I02013,302,W003,S013,644,168
I02014,302,W004,S049,656,158
I02015,302,W005,S008,476,95
I02016,302,W006,S048,990,191
I02017,302,W007,S026,904,188
I02018,302,W008,S002,203,78
I02019,302,W009,S007,806,29
I02020,302,W010,S049,685,190
I02021,303,W001,S010,111,190
I02022,303,W002,S041,72,168
I02023,303,W003,S028,418,125
I02024,303,W004,S040,933,91
I02025,303,W005,S001,64,49
I02026,303,W006,S025,523,58
I02027,303,W007,S042,615,101
I02028,303,W008,S021,648,54
I02029,303,W009,S006,899,102
I02030,303,W010,S005,995,148
I02031,304,W001,S044,698,160
I02032,304,W002,S039,989,197
I02033,304,W003,S050,546,97
I02034,304,W004,S004,561,70
I02035,304,W005,S034,266,157
I02036,304,W006,S027,258,200
I02037,304,W007,S046,418,75
I02038,304,W008,S028,447,97
I02039,304,W009,S041,680,64
I02040,304,W010,S041,928,157
I02041,305,W001,S047,624,139
I02042,305,W002,S007,497,124
I02043,305,W003,S022,743,85
I02044,305,W004,S023,601,64
I02045,305,W005,S034,224,37
I02046,305,W006,S044,415,197
I02047,305,W007,S025,990,155
I02048,305,W008,S032,879,117
I02049,305,W009,S033,711,149
I02050,305,W010,S001,904,119
I02051,306,W001,S021,968,52
I02052,306,W002,S047,938,148
I02053,306,W003,S006,422,126
I02054,306,W004,S020,360,183
I02055,306,W005,S008,64,131
I02056,306,W006,S046,906,168
I02057,306,W007,S007,685,141
I02058,306,W008,S015,457,26
I02059,306,W009,S047,676,26
I02060,306,W010,S031,585,93
I02061,307,W001,S042,748,83
I02062,307,W002,S007,615,136
I02063,307,W003,S016,195,169
I02064,307,W004,S019,853,175
I02065,307,W005,S013,929,82
I02066,307,W006,S040,322,87
I02067,307,W007,S029,745,140
I02068,307,W008,S035,537,184
I02069,307,W009,S035,202,179
I02070,307,W010,S048,110,134
I02071,308,W001,S003,564,146
I02072,308,W002,S045,744,174
I02073,308,W003,S028,911,157
I02074,308,W004,S014,190,41
I02075,308,W005,S010,646,189
I02076,308,W006,S028,511,34
I02077,308,W007,S016,815,25
I02078,308,W008,S039,330,51
I02079,308,W009,S037,60,96
I02080,308,W010,S034,967,151
I02081,309,W001,S007,185,139
I02082,309,W002,S030,662,164
I02083,309,W003,S018,394,151
I02084,309,W004,S024,824,27
I02085,309,W005,S033,665,143
I02086,309,W006,S019,915,39
I02087,309,W007,S023,801,69
I02088,309,W008,S013,518,119
I02089,309,W009,S034,707,142
I02090,309,W010,S048,689,141
I02091,310,W001,S030,357,52
I02092,310,W002,S030,534,72
I02093,310,W003,S012,870,107
I02094,310,W004,S031,507,120
I02095,310,W005,S034,479,132
I02096,310,W006,S005,238,188
I02097,310,W007,S047,895,57
I02098,310,W008,S027,323,127
I02099,310,W009,S041,546,60
I02100,310,W010,S002,308,133
I02101,311,W001,S042,748,60
I02102,311,W002,S009,811,118
I02103,311,W003,S024,944,178
I02104,311,W004,S029,125,65
I02105,311,W005,S013,765,26
I02106,311,W006,S027,256,40
I02107,311,W007,S001,251,116
I02108,311,W008,S014,694,103
I02109,311,W009,S027,562,68
I02110,311,W010,S015,340,148
I02111,312,W001,S019,486,153
I02112,312,W002,S036,755,24
I02113,312,W003,S015,762,84
I02114,312,W004,S043,170,176
I02115,312,W005,S030,420,110
I02116,312,W006,S035,548,48
I02117,312,W007,S038,818,108
I02118,312,W008,S020,613,94
I02119,312,W009,S003,586,125
I02120,312,W010,S016,897,190
I02121,313,W001,S040,300,99
I02122,313,W002,S004,783,75
I02123,313,W003,S042,992,138
I02124,313,W004,S047,525,110
I02125,313,W005,S023,267,35
I02126,313,W006,S017,446,179
I02127,313,W007,S037,516,120
I02128,313,W008,S035,728,51
I02129,313,W009,S003,645,61
I02130,313,W010,S040,916,118
I02131,314,W001,S044,54,61
I02132,314,W002,S015,660,76
I02133,314,W003,S017,356,46
I02134,314,W004,S033,622,188
I02135,314,W005,S024,492,62
I02136,314,W006,S021,429,69
I02137,314,W007,S034,536,65
I02138,314,W008,S043,701,117
I02139,314,W009,S001,92,70
I02140,314,W010,S038,636,36
I02141,315,W001,S027,550,155
I02142,315,W002,S026,338,169
I02143,315,W003,S036,757,169
I02144,315,W004,S007,900,154
I02145,315,W005,S030,718,108
I02146,315,W006,S008,237,34
I02147,315,W007,S038,628,66
I02148,315,W008,S027,836,24
I02149,315,W009,S001,771,117
I02150,315,W010,S013,716,103
I02151,316,W001,S049,169,140
I02152,316,W002,S029,933,80
I02153,316,W003,S039,612,136
I02154,316,W004,S050,906,185
I02155,316,W005,S006,828,51
I02156,316,W006,S030,830,187
I02157,316,W007,S033,683,125
I02158,316,W008,S038,118,56
I02159,316,W009,S036,864,37
I02160,316,W010,S014,397,139
I02161,317,W001,S005,718,74
I02162,317,W002,S025,95,124
I02163,317,W003,S004,555,58
I02164,317,W004,S034,174,100
I02165,317,W005,S043,701,143
I02166,317,W006,S032,950,106
I02167,317,W007,S023,75,151
I02168,317,W008,S046,491,28
I02169,317,W009,S017,422,28
I02170,317,W010,S024,381,45
I02171,318,W001,S042,265,90
I02172,318,W002,S023,701,161
I02173,318,W003,S046,372,98
I02174,318,W004,S017,513,151
I02175,318,W005,S025,573,78
I02176,318,W006,S032,621,97
I02177,318,W007,S036,113,26
I02178,318,W008,S017,362,106
I02179,318,W009,S032,900,200
I02180,318,W010,S014,953,48
I02181,319,W001,S012,655,105
I02182,319,W002,S021,958,142
I02183,319,W003,S036,664,111
I02184,319,W004,S034,428,190
I02185,319,W005,S001,906,173
I02186,319,W006,S019,547,24
I02187,319,W007,S028,194,128
I02188,319,W008,S010,250,186
I02189,319,W009,S029,359,57
I02190,319,W010,S050,395,131
I02191,320,W001,S001,535,78
I02192,320,W002,S013,631,122
I02193,320,W003,S002,982,140
I02194,320,W004,S035,467,41
I02195,320,W005,S001,650,20
I02196,320,W006,S024,450,130
I02197,320,W007,S006,205,82
I02198,320,W008,S048,374,176
I02199,320,W009,S037,192,49
I02200,320,W010,S031,255,118
I02201,321,W001,S050,452,31
I02202,321,W002,S047,617,38
I02203,321,W003,S050,959,122
I02204,321,W004,S014,867,96
I02205,321,W005,S032,802,41
I02206,321,W006,S003,125,165
I02207,321,W007,S022,94,117
I02208,321,W008,S036,184,174
I02209,321,W009,S022,575,43
I02210,321,W010,S050,881,188
I02211,322,W001,S019,392,200
I02212,322,W002,S024,153,80
I02213,322,W003,S050,747,34
I02214,322,W004,S050,662,190
I02215,322,W005,S007,970,169
I02216,322,W006,S011,367,169
I02217,322,W007,S011,439,54
I02218,322,W008,S014,866,150
I02219,322,W009,S029,222,22
I02220,322,W010,S011,554,63
I02221,323,W001,S041,685,109
I02222,323,W002,S038,322,81
I02223,323,W003,S004,476,33
I02224,323,W004,S046,161,48
I02225,323,W005,S040,179,139
I02226,323,W006,S024,554,104
I02227,323,W007,S046,137,152
I02228,323,W008,S044,136,180
I02229,323,W009,S018,896,96
I02230,323,W010,S047,220,102
I02231,324,W001,S012,102,49
I02232,324,W002,S037,538,147
I02233,324,W003,S024,625,118
I02234,324,W004,S026,482,86
I02235,324,W005,S048,993,82
I02236,324,W006,S048,728,44
I02237,324,W007,S037,792,45
I02238,324,W008,S046,380,188
I02239,324,W009,S046,314,111
I02240,324,W010,S034,408,32
I02241,325,W001,S006,361,28
I02242,325,W002,S039,743,181
I02243,325,W003,S047,169,169
I02244,325,W004,S047,583,174
I02245,325,W005,S001,611,67
I02246,325,W006,S014,355,70
I02247,325,W007,S035,646,26
I02248,325,W008,S020,552,22
I02249,325,W009,S025,267,43
I02250,325,W010,S002,912,83
I02251,326,W001,S032,569,123
I02252,326,W002,S009,564,26
I02253,326,W003,S028,768,91
I02254,326,W004,S049,279,192
I02255,326,W005,S007,723,99
I02256,326,W006,S026,242,144
I02257,326,W007,S040,531,20
I02258,326,W008,S046,210,147
I02259,326,W009,S004,924,55
I02260,326,W010,S050,824,82
I02261,327,W001,S022,720,199
I02262,327,W002,S039,746,23
I02263,327,W003,S020,272,91
I02264,327,W004,S027,308,55
I02265,327,W005,S030,430,174
I02266,327,W006,S004,455,200
I02267,327,W007,S014,113,144
I02268,327,W008,S027,719,66
I02269,327,W009,S023,761,107
I02270,327,W010,S019,619,158
I02271,328,W001,S012,369,178
I02272,328,W002,S012,151,103
I02273,328,W003,S007,387,120
I02274,328,W004,S006,882,86
I02275,328,W005,S044,850,96
I02276,328,W006,S004,92,25
I02277,328,W007,S014,751,56
I02278,328,W008,S044,430,145
I02279,328,W009,S030,544,161
I02280,328,W010,S042,585,116
I02281,329,W001,S039,409,113
I02282,329,W002,S008,917,143
I02283,329,W003,S003,208,160
I02284,329,W004,S003,362,168
I02285,329,W005,S001,68,190
I02286,329,W006,S037,580,28
I02287,329,W007,S020,215,197
I02288,329,W008,S005,952,52
I02289,329,W009,S016,245,195
I02290,329,W010,S019,395,49
I02291,330,W001,S035,662,109
I02292,330,W002,S010,497,88
I02293,330,W003,S018,472,163
I02294,330,W004,S048,468,178
I02295,330,W005,S050,587,161
I02296,330,W006,S014,292,43
I02297,330,W007,S032,182,44
I02298,330,W008,S031,624,156
I02299,330,W009,S037,535,54
I02300,330,W010,S017,971,129
I02301,331,W001,S044,242,147
I02302,331,W002,S005,752,92
I02303,331,W003,S001,366,79
I02304,331,W004,S015,201,108
I02305,331,W005,S022,661,79
I02306,331,W006,S046,982,74
I02307,331,W007,S026,920,121
I02308,331,W008,S042,734,101
I02309,331,W009,S018,753,129
I02310,331,W010,S007,337,81
I02311,332,W001,S012,711,26
I02312,332,W002,S021,708,164
I02313,332,W003,S036,298,143
I02314,332,W004,S031,647,23
I02315,332,W005,S005,723,44
I02316,332,W006,S034,314,52
I02317,332,W007,S014,263,89
I02318,332,W008,S044,331,189
I02319,332,W009,S005,838,188
I02320,332,W010,S027,204,185
I02321,333,W001,S022,893,164
I02322,333,W002,S001,389,150
I02323,333,W003,S019,206,65
I02324,333,W004,S042,313,95
I02325,333,W005,S048,705,45
I02326,333,W006,S041,285,106
I02327,333,W007,S038,147,53
I02328,333,W008,S045,660,107
I02329,333,W009,S014,828,181
I02330,333,W010,S042,837,49
I02331,334,W001,S012,722,95
I02332,334,W002,S018,122,27
I02333,334,W003,S039,989,156
I02334,334,W004,S010,288,38
I02335,334,W005,S047,303,99
I02336,334,W006,S009,634,108
I02337,334,W007,S003,857,168
I02338,334,W008,S040,394,88
I02339,334,W009,S007,567,49
I02340,334,W010,S024,981,35
I02341,335,W001,S028,377,172
I02342,335,W002,S032,525,183
I02343,335,W003,S021,79,21
I02344,335,W004,S005,910,198
I02345,335,W005,S029,653,67
I02346,335,W006,S008,672,26
I02347,335,W007,S026,537,121
I02348,335,W008,S038,454,102
I02349,335,W009,S047,234,131
I02350,335,W010,S028,136,151
I02351,336,W001,S006,535,121
I02352,336,W002,S046,947,114
I02353,336,W003,S046,840,125
I02354,336,W004,S008,170,65
I02355,336,W005,S039,375,126
I02356,336,W006,S001,647,139
I02357,336,W007,S006,406,144
I02358,336,W008,S045,119,182
I02359,336,W009,S049,926,78
I02360,336,W010,S022,570,92
I02361,337,W001,S044,421,54
I02362,337,W002,S017,737,155
I02363,337,W003,S017,796,137
I02364,337,W004,S016,791,57
I02365,337,W005,S035,862,106
I02366,337,W006,S011,898,100
I02367,337,W007,S010,477,173
I02368,337,W008,S019,823,102
I02369,337,W009,S016,130,97
I02370,337,W010,S031,874,109
I02371,338,W001,S016,57,189
I02372,338,W002,S047,809,43
I02373,338,W003,S028,485,120
I02374,338,W004,S001,300,39
I02375,338,W005,S002,167,182
I02376,338,W006,S043,816,72
I02377,338,W007,S020,92,151
I02378,338,W008,S034,991,89
I02379,338,W009,S006,733,51
I02380,338,W010,S023,356,52
I02381,339,W001,S027,801,79
I02382,339,W002,S024,346,63
I02383,339,W003,S009,571,152
I02384,339,W004,S035,284,48
I02385,339,W005,S030,808,92
I02386,339,W006,S037,415,69
I02387,339,W007,S049,330,103
I02388,339,W008,S004,327,180
I02389,339,W009,S041,425,114
I02390,339,W010,S005,182,39
I02391,340,W001,S008,174,194
I02392,340,W002,S022,741,199
I02393,340,W003,S001,116,65
I02394,340,W004,S037,485,73
I02395,340,W005,S012,219,30
I02396,340,W006,S048,380,103
I02397,340,W007,S040,54,59
I02398,340,W008,S020,817,156
I02399,340,W009,S042,419,29
I02400,340,W010,S020,86,146
I02401,341,W001,S044,500,124
I02402,341,W002,S014,352,109
I02403,341,W003,S017,568,109
I02404,341,W004,S041,639,126
I02405,341,W005,S034,432,61
I02406,341,W006,S048,375,126
I02407,341,W007,S044,58,187
I02408,341,W008,S003,578,127
I02409,341,W009,S033,639,106
I02410,341,W010,S007,852,100
I02411,342,W001,S050,512,70
I02412,342,W002,S031,215,134
I02413,342,W003,S008,304,124
I02414,342,W004,S027,497,33
I02415,342,W005,S008,683,49
I02416,342,W006,S026,673,127
I02417,342,W007,S001,526,125
I02418,342,W008,S017,762,55
I02419,342,W009,S016,865,69
I02420,342,W010,S012,182,181
I02421,343,W001,S013,222,150
I02422,343,W002,S048,553,37
I02423,343,W003,S010,800,184
I02424,343,W004,S013,603,88
I02425,343,W005,S010,190,156
I02426,343,W006,S020,294,59
I02427,343,W007,S031,831,189
I02428,343,W008,S039,91,163
I02429,343,W009,S025,940,67
I02430,343,W010,S008,523,49
I02431,344,W001,S050,675,161
I02432,344,W002,S038,459,190
I02433,344,W003,S043,946,42
I02434,344,W004,S035,650,20
I02435,344,W005,S019,426,56
I02436,344,W006,S002,860,105
I02437,344,W007,S019,647,176
I02438,344,W008,S005,622,60
I02439,344,W009,S041,256,51
I02440,344,W010,S018,465,194
I02441,345,W001,S013,867,51
I02442,345,W002,S044,299,49
I02443,345,W003,S040,502,29
I02444,345,W004,S029,476,52
I02445,345,W005,S042,848,187
I02446,345,W006,S011,965,116
I02447,345,W007,S002,191,22
I02448,345,W008,S003,861,146
I02449,345,W009,S009,913,130
I02450,345,W010,S010,516,180
I02451,346,W001,S008,425,127
I02452,346,W002,S033,680,111
I02453,346,W003,S019,164,77
I02454,346,W004,S029,168,62
I02455,346,W005,S035,416,125
I02456,346,W006,S016,516,115
I02457,346,W007,S032,428,120
I02458,346,W008,S044,70,31
I02459,346,W009,S038,64,31
I02460,346,W010,S018,197,163
I02461,347,W001,S008,954,22
I02462,347,W002,S047,356,102
I02463,347,W003,S006,360,42
I02464,347,W004,S012,260,104
I02465,347,W005,S049,363,55
I02466,347,W006,S030,345,32
I02467,347,W007,S023,594,87
I02468,347,W008,S045,516,106
I02469,347,W009,S018,121,197
I02470,347,W010,S039,807,186
I02471,348,W001,S008,326,64
I02472,348,W002,S030,931,129
I02473,348,W003,S014,419,194
I02474,348,W004,S013,441,100
I02475,348,W005,S004,609,130
I02476,348,W006,S010,815,193
I02477,348,W007,S037,492,71
I02478,348,W008,S035,405,116
I02479,348,W009,S018,874,178
I02480,348,W010,S027,478,53
I02481,349,W001,S008,930,198
I02482,349,W002,S038,922,127
I02483,349,W003,S047,584,199
I02484,349,W004,S036,217,80
I02485,349,W005,S048,628,104
I02486,349,W006,S035,568,130
I02487,349,W007,S037,736,121
I02488,349,W008,S017,766,108
I02489,349,W009,S048,680,149
I02490,349,W010,S023,271,180
I02491,350,W001,S046,278,48
I02492,350,W002,S024,435,150
I02493,350,W003,S023,345,174
I02494,350,W004,S010,712,84
I02495,350,W005,S006,751,64
I02496,350,W006,S047,594,65
I02497,350,W007,S016,711,134
I02498,350,W008,S049,662,21
I02499,350,W009,S039,965,92
I02500,350,W010,S012,169,156
I02501,351,W001,S017,955,118
I02502,351,W002,S019,716,80
I02503,351,W003,S023,209,23
I02504,351,W004,S036,859,97
I02505,351,W005,S029,912,113
I02506,351,W006,S043,936,24
I02507,351,W007,S002,828,57
I02508,351,W008,S014,248,156
I02509,351,W009,S006,873,153
I02510,351,W010,S038,412,55
I02511,352,W001,S032,479,130
I02512,352,W002,S001,152,59
I02513,352,W003,S042,398,165
I02514,352,W004,S016,461,86
I02515,352,W005,S043,310,27
I02516,352,W006,S043,883,115
I02517,352,W007,S006,866,49
I02518,352,W008,S048,780,103
I02519,352,W009,S024,627,113
I02520,352,W010,S010,697,127
I02521,353,W001,S039,275,60
I02522,353,W002,S021,165,147
I02523,353,W003,S028,64,159
I02524,353,W004,S040,372,95
I02525,353,W005,S009,813,182
I02526,353,W006,S029,569,25
I02527,353,W007,S008,804,54
I02528,353,W008,S016,478,169
I02529,353,W009,S036,495,104
I02530,353,W010,S017,835,160
I02531,354,W001,S014,986,145
I02532,354,W002,S010,310,24
I02533,354,W003,S047,615,55
I02534,354,W004,S002,627,121
I02535,354,W005,S015,449,85
I02536,354,W006,S025,809,49
I02537,354,W007,S040,787,29
I02538,354,W008,S049,340,85
I02539,354,W009,S032,403,128
I02540,354,W010,S001,932,29
I02541,355,W001,S038,781,183
I02542,355,W002,S010,214,136
I02543,355,W003,S018,157,147
I02544,355,W004,S032,388,182
I02545,355,W005,S005,594,38
I02546,355,W006,S007,176,24
I02547,355,W007,S047,179,189
I02548,355,W008,S039,233,62
I02549,355,W009,S018,675,45
I02550,355,W010,S039,179,97
I02551,356,W001,S029,340,109
I02552,356,W002,S043,187,193
I02553,356,W003,S037,69,32
I02554,356,W004,S045,87,30
I02555,356,W005,S008,465,80
I02556,356,W006,S015,934,186
I02557,356,W007,S019,338,54
I02558,356,W008,S005,686,175
I02559,356,W009,S013,869,110
I02560,356,W010,S016,917,199
I02561,357,W001,S029,356,44
I02562,357,W002,S016,348,114
I02563,357,W003,S007,406,26
I02564,357,W004,S026,641,180
I02565,357,W005,S005,504,125
I02566,357,W006,S014,67,56
I02567,357,W007,S029,549,128
I02568,357,W008,S015,297,185
I02569,357,W009,S003,65,161
I02570,357,W010,S009,809,97
I02571,358,W001,S024,912,120
I02572,358,W002,S014,816,119
I02573,358,W003,S025,544,87
I02574,358,W004,S034,182,144
I02575,358,W005,S010,101,29
I02576,358,W006,S030,253,141
I02577,358,W007,S050,231,151
I02578,358,W008,S014,741,108
I02579,358,W009,S050,295,152
I02580,358,W010,S014,843,29
I02581,359,W001,S031,792,28
I02582,359,W002,S050,937,140
I02583,359,W003,S006,702,92
I02584,359,W004,S047,500,181
I02585,359,W005,S039,269,173
I02586,359,W006,S046,982,185
I02587,359,W007,S020,242,92
I02588,359,W008,S032,286,122
I02589,359,W009,S047,99,65
I02590,359,W010,S040,834,91
I02591,360,W001,S046,962,179
I02592,360,W002,S023,723,39
I02593,360,W003,S011,782,90
I02594,360,W004,S027,778,25
I02595,360,W005,S039,762,135
I02596,360,W006,S019,209,42
I02597,360,W007,S003,91,83
I02598,360,W008,S050,624,25
I02599,360,W009,S026,796,119
I02600,360,W010,S036,970,124
I02601,361,W001,S028,232,162
I02602,361,W002,S025,803,43
I02603,361,W003,S030,587,110
I02604,361,W004,S019,883,92
I02605,361,W005,S037,753,172
I02606,361,W006,S025,184,197
I02607,361,W007,S044,395,150
I02608,361,W008,S028,266,54
I02609,361,W009,S004,345,178
I02610,361,W010,S023,406,151
I02611,362,W001,S046,740,64
I02612,362,W002,S003,866,105
I02613,362,W003,S039,266,86
I02614,362,W004,S027,315,104
I02615,362,W005,S030,407,71
I02616,362,W006,S042,956,145
I02617,362,W007,S001,357,106
I02618,362,W008,S004,188,90
I02619,362,W009,S004,693,139
I02620,362,W010,S032,927,24
I02621,363,W001,S040,455,76
I02622,363,W002,S033,235,65
I02623,363,W003,S005,553,36
I02624,363,W004,S008,120,57
I02625,363,W005,S004,756,94
I02626,363,W006,S019,534,109
I02627,363,W007,S012,865,135
I02628,363,W008,S019,462,146
I02629,363,W009,S027,425,38
I02630,363,W010,S028,745,108
I02631,364,W001,S045,718,54
I02632,364,W002,S041,692,170
I02633,364,W003,S050,517,58
I02634,364,W004,S040,800,198
I02635,364,W005,S013,306,120
I02636,364,W006,S033,402,43
I02637,364,W007,S044,867,40
I02638,364,W008,S016,122,180
I02639,364,W009,S009,583,152
I02640,364,W010,S022,133,139
I02641,365,W001,S024,444,182
I02642,365,W002,S035,543,55
I02643,365,W003,S005,193,148
I02644,365,W004,S026,82,94
I02645,365,W005,S043,392,20
I02646,365,W006,S017,992,41
I02647,365,W007,S003,663,43
I02648,365,W008,S022,848,78
I02649,365,W009,S048,533,91
I02650,365,W010,S011,980,37
I02651,366,W001,S031,581,62
I02652,366,W002,S012,755,180
I02653,366,W003,S020,390,21
I02654,366,W004,S036,125,67
I02655,366,W005,S032,746,21
I02656,366,W006,S023,215,87
I02657,366,W007,S038,999,144
I02658,366,W008,S027,565,45
I02659,366,W009,S038,117,59
I02660,366,W010,S045,533,61
I02661,367,W001,S031,466,61
I02662,367,W002,S002,535,76
I02663,367,W003,S015,805,89
I02664,367,W004,S036,105,132
I02665,367,W005,S012,366,76
I02666,367,W006,S028,572,84
I02667,367,W007,S007,791,100
I02668,367,W008,S027,492,41
I02669,367,W009,S045,674,116
I02670,367,W010,S014,122,92
I02671,368,W001,S041,260,183
I02672,368,W002,S049,770,177
I02673,368,W003,S028,565,142
I02674,368,W004,S041,866,21
I02675,368,W005,S033,115,167
I02676,368,W006,S031,326,137
I02677,368,W007,S049,836,141
I02678,368,W008,S039,713,36
I02679,368,W009,S014,164,190
I02680,368,W010,S038,671,183
I02681,369,W001,S028,960,99
I02682,369,W002,S021,637,188
I02683,369,W003,S007,598,144
I02684,369,W004,S006,559,137
I02685,369,W005,S048,101,85
I02686,369,W006,S042,145,110
I02687,369,W007,S010,646,155
I02688,369,W008,S009,540,177
I02689,369,W009,S030,358,40
I02690,369,W010,S045,953,112
I02691,370,W001,S026,369,59
I02692,370,W002,S033,815,193
I02693,370,W003,S014,615,66
I02694,370,W004,S029,53,42
I02695,370,W005,S017,972,46
I02696,370,W006,S048,389,50
I02697,370,W007,S050,846,170
I02698,370,W008,S001,347,92
I02699,370,W009,S027,387,198
I02700,370,W010,S030,173,101
I02701,371,W001,S028,176,94
I02702,371,W002,S008,337,187
I02703,371,W003,S018,589,129
I02704,371,W004,S020,750,69
I02705,371,W005,S045,668,182
I02706,371,W006,S042,987,137
I02707,371,W007,S021,668,50
I02708,371,W008,S009,603,179
I02709,371,W009,S032,445,179
I02710,371,W010,S013,922,141
I02711,372,W001,S026,380,101
I02712,372,W002,S040,865,199
I02713,372,W003,S009,900,146
I02714,372,W004,S004,759,121
I02715,372,W005,S034,742,28
I02716,372,W006,S017,561,39
I02717,372,W007,S007,461,200
I02718,372,W008,S012,180,169
I02719,372,W009,S040,620,29
I02720,372,W010,S045,452,110
I02721,373,W001,S043,556,154
I02722,373,W002,S023,321,118
I02723,373,W003,S006,834,78
I02724,373,W004,S042,905,188
I02725,373,W005,S036,817,119
I02726,373,W006,S030,662,155
I02727,373,W007,S024,358,146
I02728,373,W008,S014,616,73
I02729,373,W009,S008,200,109
I02730,373,W010,S043,552,126
I02731,374,W001,S011,412,170
I02732,374,W002,S038,705,42
I02733,374,W003,S025,87,39
I02734,374,W004,S033,591,44
I02735,374,W005,S011,512,135
I02736,374,W006,S048,314,199
I02737,374,W007,S034,688,164
I02738,374,W008,S043,139,161
I02739,374,W009,S007,584,83
I02740,374,W010,S023,168,98
I02741,375,W001,S043,466,21
I02742,375,W002,S002,50,82
I02743,375,W003,S006,384,195
I02744,375,W004,S017,838,135
I02745,375,W005,S018,654,33
I02746,375,W006,S042,984,171
I02747,375,W007,S035,851,75
I02748,375,W008,S001,283,101
I02749,375,W009,S032,746,23
I02750,375,W010,S005,368,40
I02751,376,W001,S008,589,21
I02752,376,W002,S001,408,34
I02753,376,W003,S011,882,91
I02754,376,W004,S039,170,145
I02755,376,W005,S047,189,55
I02756,376,W006,S010,824,177
I02757,376,W007,S023,275,198
I02758,376,W008,S049,887,59
I02759,376,W009,S023,251,97
I02760,376,W010,S030,794,173
I02761,377,W001,S039,670,182
I02762,377,W002,S025,702,24
I02763,377,W003,S029,899,59
I02764,377,W004,S035,234,28
I02765,377,W005,S029,441,153
I02766,377,W006,S044,338,49
I02767,377,W007,S006,936,25
I02768,377,W008,S026,513,127
I02769,377,W009,S037,632,135
I02770,377,W010,S019,655,197
I02771,378,W001,S027,355,199
I02772,378,W002,S005,564,68
I02773,378,W003,S008,784,113
I02774,378,W004,S045,792,158
I02775,378,W005,S045,490,97
I02776,378,W006,S006,503,193
I02777,378,W007,S031,484,45
I02778,378,W008,S011,703,36
I02779,378,W009,S015,404,175
I02780,378,W010,S050,640,102
I02781,379,W001,S028,470,97
I02782,379,W002,S044,938,183
I02783,379,W003,S041,434,127
I02784,379,W004,S047,276,66
I02785,379,W005,S016,853,67
I02786,379,W006,S025,942,129
I02787,379,W007,S018,166,29
I02788,379,W008,S046,54,198
I02789,379,W009,S003,262,194
I02790,379,W010,S049,573,165
I02791,380,W001,S007,560,196
I02792,380,W002,S027,298,179
I02793,380,W003,S012,463,34
I02794,380,W004,S010,306,99
I02795,380,W005,S006,374,185
I02796,380,W006,S026,204,111
I02797,380,W007,S014,778,74
I02798,380,W008,S031,550,159
I02799,380,W009,S040,134,87
I02800,380,W010,S049,262,45
I02801,381,W001,S020,978,64
I02802,381,W002,S027,681,49
I02803,381,W003,S035,440,165
I02804,381,W004,S040,257,120
I02805,381,W005,S017,221,121
I02806,381,W006,S045,251,58
I02807,381,W007,S036,584,172
I02808,381,W008,S014,61,130
I02809,381,W009,S025,510,112
I02810,381,W010,S021,831,170
I02811,382,W001,S025,179,26
I02812,382,W002,S001,86,49
I02813,382,W003,S020,961,76
I02814,382,W004,S031,157,26
I02815,382,W005,S009,682,157
I02816,382,W006,S034,866,57
I02817,382,W007,S041,661,177
I02818,382,W008,S018,119,76
I02819,382,W009,S024,738,200
I02820,382,W010,S045,976,160
I02821,383,W001,S043,274,122
I02822,383,W002,S031,840,155
I02823,383,W003,S045,633,128
I02824,383,W004,S039,835,59
I02825,383,W005,S008,622,100
I02826,383,W006,S033,869,145
I02827,383,W007,S050,584,44
I02828,383,W008,S019,976,90
I02829,383,W009,S035,395,92
I02830,383,W010,S018,201,135
I02831,384,W001,S041,104,141
I02832,384,W002,S024,253,76
I02833,384,W003,S041,487,44
I02834,384,W004,S021,793,185
I02835,384,W005,S043,714,171
I02836,384,W006,S012,196,125
I02837,384,W007,S033,541,60
I02838,384,W008,S018,525,53
I02839,384,W009,S042,362,139
I02840,384,W010,S041,372,152
I02841,385,W001,S049,752,135
I02842,385,W002,S043,178,182
I02843,385,W003,S019,278,163
I02844,385,W004,S018,144,49
I02845,385,W005,S045,941,124
I02846,385,W006,S047,92,129
I02847,385,W007,S025,65,124
I02848,385,W008,S005,547,177
I02849,385,W009,S002,289,158
I02850,385,W010,S035,667,72
I02851,386,W001,S021,630,118
I02852,386,W002,S029,242,177
I02853,386,W003,S017,763,74
I02854,386,W004,S003,451,181
I02855,386,W005,S040,386,165
I02856,386,W006,S040,946,198
I02857,386,W007,S003,376,75
I02858,386,W008,S013,735,71
I02859,386,W009,S001,999,74
I02860,386,W010,S012,622,139
I02861,387,W001,S011,614,94
I02862,387,W002,S002,900,197
I02863,387,W003,S038,689,199
I02864,387,W004,S026,771,171
I02865,387,W005,S038,237,43
I02866,387,W006,S016,415,37
I02867,387,W007,S005,332,164
I02868,387,W008,S008,980,63
I02869,387,W009,S035,770,139
I02870,387,W010,S014,148,21
I02871,388,W001,S045,171,90
I02872,388,W002,S032,734,77
I02873,388,W003,S033,51,166
I02874,388,W004,S040,903,47
I02875,388,W005,S038,737,182
I02876,388,W006,S026,225,141
I02877,388,W007,S046,446,92
I02878,388,W008,S022,110,72
I02879,388,W009,S046,787,57
I02880,388,W010,S015,603,50
I02881,389,W001,S044,409,59
I02882,389,W002,S022,197,27
I02883,389,W003,S034,967,28
I02884,389,W004,S018,729,49
I02885,389,W005,S001,562,193
I02886,389,W006,S020,562,46
I02887,389,W007,S023,151,169
I02888,389,W008,S035,329,91
I02889,389,W009,S019,686,111
I02890,389,W010,S005,497,104
I02891,390,W001,S038,723,29
I02892,390,W002,S025,451,70
I02893,390,W003,S011,956,52
I02894,390,W004,S039,891,119
I02895,390,W005,S024,389,124
I02896,390,W006,S029,990,30
I02897,390,W007,S031,620,29
I02898,390,W008,S038,244,90
I02899,390,W009,S050,504,78
I02900,390,W010,S007,894,29
I02901,391,W001,S037,118,46
I02902,391,W002,S021,54,134
I02903,391,W003,S049,102,122
I02904,391,W004,S001,272,98
I02905,391,W005,S039,793,100
I02906,391,W006,S028,584,129
I02907,391,W007,S026,734,119
I02908,391,W008,S043,129,127
I02909,391,W009,S027,963,122
I02910,391,W010,S040,272,93
I02911,392,W001,S011,905,193
I02912,392,W002,S024,310,132
I02913,392,W003,S041,966,174
I02914,392,W004,S040,687,108
I02915,392,W005,S035,292,162
I02916,392,W006,S038,211,68
I02917,392,W007,S030,856,159
I02918,392,W008,S006,704,136
I02919,392,W009,S006,397,74
I02920,392,W010,S031,771,105
I02921,393,W001,S015,885,40
I02922,393,W002,S046,840,79
I02923,393,W003,S013,852,119
I02924,393,W004,S002,964,49
I02925,393,W005,S024,63,150
I02926,393,W006,S029,53,192
I02927,393,W007,S007,558,104
I02928,393,W008,S048,511,30
I02929,393,W009,S010,725,123
I02930,393,W010,S010,241,74
I02931,394,W001,S043,885,100
I02932,394,W002,S047,734,53
I02933,394,W003,S046,199,104
I02934,394,W004,S031,749,73
I02935,394,W005,S019,143,60
I02936,394,W006,S029,181,158
I02937,394,W007,S038,775,185
I02938,394,W008,S003,328,52
I02939,394,W009,S042,698,90
I02940,394,W010,S034,600,138
I02941,395,W001,S015,567,174
I02942,395,W002,S010,993,127
I02943,395,W003,S047,472,165
I02944,395,W004,S037,284,80
I02945,395,W005,S016,750,175
I02946,395,W006,S028,868,80
I02947,395,W007,S003,888,107
I02948,395,W008,S029,509,107
I02949,395,W009,S016,907,129
I02950,395,W010,S045,698,154
I02951,396,W001,S015,285,26
I02952,396,W002,S048,312,21
I02953,396,W003,S013,147,175
I02954,396,W004,S035,503,80
I02955,396,W005,S014,833,169
I02956,396,W006,S041,585,80
I02957,396,W007,S007,440,166
I02958,396,W008,S006,451,131
I02959,396,W009,S025,949,86
I02960,396,W010,S038,658,194
I02961,397,W001,S032,532,80
I02962,397,W002,S026,925,195
I02963,397,W003,S038,145,190
I02964,397,W004,S002,150,191
I02965,397,W005,S036,95,147
I02966,397,W006,S037,215,84
I02967,397,W007,S032,154,189
I02968,397,W008,S024,429,32
I02969,397,W009,S011,637,178
I02970,397,W010,S037,613,183
I02971,398,W001,S016,324,24
I02972,398,W002,S014,846,137
I02973,398,W003,S028,202,166
I02974,398,W004,S035,215,78
I02975,398,W005,S046,866,66
I02976,398,W006,S041,845,90
I02977,398,W007,S007,985,43
I02978,398,W008,S048,647,71
I02979,398,W009,S018,683,23
I02980,398,W010,S001,523,59
I02981,399,W001,S024,596,60
I02982,399,W002,S026,178,167
I02983,399,W003,S017,147,72
I02984,399,W004,S010,929,194
I02985,399,W005,S028,118,69
I02986,399,W006,S021,186,45
I02987,399,W007,S040,621,149
I02988,399,W008,S009,545,181
I02989,399,W009,S012,946,65
I02990,399,W010,S019,258,25
I02991,400,W001,S028,129,103
I02992,400,W002,S002,257,163
I02993,400,W003,S047,253,82
I02994,400,W004,S031,107,149
I02995,400,W005,S013,980,153
I02996,400,W006,S039,660,176
I02997,400,W007,S046,697,111
I02998,400,W008,S025,621,33
I02999,400,W009,S040,939,61
I03000,400,W010,S038,366,96
I03001,401,W001,S017,460,110
I03002,401,W002,S016,707,129
I03003,401,W003,S010,304,135
I03004,401,W004,S038,510,55
I03005,401,W005,S049,461,43
I03006,401,W006,S039,980,76
I03007,401,W007,S010,648,62
I03008,401,W008,S037,745,85
I03009,401,W009,S049,72,78
I03010,401,W010,S022,179,93
I03011,402,W001,S011,779,70
I03012,402,W002,S031,402,73
I03013,402,W003,S047,724,165
I03014,402,W004,S008,270,150
I03015,402,W005,S021,374,124
I03016,402,W006,S006,495,54
I03017,402,W007,S029,718,95
I03018,402,W008,S025,181,142
I03019,402,W009,S020,638,83
I03020,402,W010,S027,446,33
I03021,403,W001,S032,336,99
I03022,403,W002,S020,131,53
I03023,403,W003,S044,595,108
I03024,403,W004,S025,88,106
I03025,403,W005,S042,63,176
I03026,403,W006,S026,731,40
I03027,403,W007,S036,240,73
I03028,403,W008,S026,953,115
I03029,403,W009,S036,867,55
I03030,403,W010,S011,199,195
I03031,404,W001,S006,283,29
I03032,404,W002,S013,925,130
I03033,404,W003,S009,885,131
I03034,404,W004,S029,389,189
I03035,404,W005,S042,420,66
I03036,404,W006,S043,762,64
I03037,404,W007,S020,894,51
I03038,404,W008,S014,584,31
I03039,404,W009,S015,866,64
I03040,404,W010,S001,109,119
I03041,405,W001,S034,397,115
I03042,405,W002,S010,579,161
I03043,405,W003,S003,179,35
I03044,405,W004,S032,367,196
I03045,405,W005,S003,242,58
I03046,405,W006,S044,62,198
I03047,405,W007,S046,81,76
I03048,405,W008,S040,890,128
I03049,405,W009,S025,326,181
I03050,405,W010,S045,776,46
I03051,406,W001,S008,587,60
I03052,406,W002,S038,52,149
I03053,406,W003,S032,969,59
I03054,406,W004,S030,655,148
I03055,406,W005,S050,547,196
I03056,406,W006,S032,815,175
I03057,406,W007,S042,535,191
I03058,406,W008,S019,173,180
I03059,406,W009,S038,646,130
I03060,406,W010,S050,375,186
I03061,407,W001,S014,174,49
I03062,407,W002,S034,485,186
I03063,407,W003,S024,493,77
I03064,407,W004,S020,101,147
I03065,407,W005,S020,176,117
I03066,407,W006,S042,991,170
I03067,407,W007,S012,969,40
I03068,407,W008,S032,255,31
I03069,407,W009,S048,328,75
I03070,407,W010,S031,676,36
I03071,408,W001,S011,619,103
I03072,408,W002,S029,192,73
I03073,408,W003,S007,774,122
I03074,408,W004,S028,400,31
I03075,408,W005,S020,970,136
I03076,408,W006,S029,154,102
I03077,408,W007,S027,934,188
I03078,408,W008,S017,962,25
I03079,408,W009,S027,663,184
I03080,408,W010,S015,949,82
I03081,409,W001,S032,170,72
I03082,409,W002,S008,113,163
I03083,409,W003,S037,480,125
I03084,409,W004,S024,323,64
I03085,409,W005,S025,172,191
I03086,409,W006,S026,611,148
I03087,409,W007,S001,189,155
I03088,409,W008,S007,877,179
I03089,409,W009,S026,644,53
I03090,409,W010,S011,197,164
I03091,410,W001,S017,850,117
I03092,410,W002,S048,336,29
I03093,410,W003,S031,584,163
I03094,410,W004,S042,614,192
I03095,410,W005,S036,145,71
I03096,410,W006,S007,679,20
I03097,410,W007,S045,649,68
I03098,410,W008,S048,932,166
I03099,410,W009,S029,241,145
I03100,410,W010,S025,791,195
I03101,411,W001,S018,161,152
I03102,411,W002,S023,754,70
I03103,411,W003,S042,970,20
I03104,411,W004,S013,340,121
I03105,411,W005,S017,909,184
I03106,411,W006,S001,255,55
I03107,411,W007,S012,408,199
I03108,411,W008,S045,858,22
I03109,411,W009,S031,425,179
I03110,411,W010,S038,279,52
I03111,412,W001,S021,747,147
I03112,412,W002,S022,323,196
I03113,412,W003,S020,662,116
I03114,412,W004,S006,790,185
I03115,412,W005,S003,629,25
I03116,412,W006,S028,286,159
I03117,412,W007,S033,84,104
I03118,412,W008,S013,448,176
I03119,412,W009,S022,389,155
I03120,412,W010,S033,240,193
I03121,413,W001,S003,505,174
I03122,413,W002,S038,696,191
I03123,413,W003,S047,826,99
I03124,413,W004,S043,541,175
I03125,413,W005,S004,228,169
I03126,413,W006,S050,392,97
I03127,413,W007,S019,498,183
I03128,413,W008,S045,376,47
I03129,413,W009,S009,89,181
I03130,413,W010,S048,526,72
I03131,414,W001,S031,428,152
I03132,414,W002,S004,268,28
I03133,414,W003,S036,976,89
I03134,414,W004,S036,868,186
I03135,414,W005,S016,113,68
I03136,414,W006,S018,793,45
I03137,414,W007,S025,602,110
I03138,414,W008,S038,188,178
I03139,414,W009,S018,97,126
I03140,414,W010,S036,517,133
I03141,415,W001,S046,155,121
I03142,415,W002,S009,912,47
I03143,415,W003,S016,198,102
I03144,415,W004,S019,412,180
I03145,415,W005,S012,633,183
I03146,415,W006,S022,769,27
I03147,415,W007,S009,690,196
I03148,415,W008,S015,116,171
I03149,415,W009,S004,600,166
I03150,415,W010,S004,895,62
I03151,416,W001,S017,873,31
I03152,416,W002,S039,747,85
I03153,416,W003,S047,726,196
I03154,416,W004,S025,787,30
I03155,416,W005,S021,490,87
I03156,416,W006,S012,575,138
I03157,416,W007,S008,147,65
I03158,416,W008,S032,204,102
I03159,416,W009,S041,227,188
I03160,416,W010,S010,147,186
I03161,417,W001,S016,612,56
I03162,417,W002,S042,672,28
I03163,417,W003,S036,509,160
I03164,417,W004,S021,646,73
I03165,417,W005,S024,841,93
I03166,417,W006,S040,446,156
I03167,417,W007,S045,442,68
I03168,417,W008,S029,868,150
I03169,417,W009,S017,163,197
I03170,417,W010,S031,377,126
I03171,418,W001,S031,792,39
I03172,418,W002,S011,791,127
I03173,418,W003,S017,160,30
I03174,418,W004,S017,220,188
I03175,418,W005,S026,96,104
I03176,418,W006,S035,142,96
I03177,418,W007,S032,900,121
I03178,418,W008,S006,153,78
I03179,418,W009,S039,695,59
I03180,418,W010,S039,145,138
I03181,419,W001,S029,817,187
I03182,419,W002,S046,396,176
I03183,419,W003,S004,627,165
I03184,419,W004,S035,173,22
I03185,419,W005,S042,85,23
I03186,419,W006,S037,702,153
I03187,419,W007,S010,530,37
I03188,419,W008,S025,634,121
I03189,419,W009,S043,908,178
I03190,419,W010,S016,477,58
I03191,420,W001,S029,584,50
I03192,420,W002,S022,274,134
I03193,420,W003,S001,243,121
I03194,420,W004,S008,407,55
I03195,420,W005,S024,618,78
I03196,420,W006,S012,112,143
I03197,420,W007,S027,188,65
I03198,420,W008,S042,489,188
I03199,420,W009,S041,760,88
I03200,420,W010,S014,937,122
I03201,421,W001,S007,738,189
I03202,421,W002,S009,320,199
I03203,421,W003,S030,440,69
I03204,421,W004,S036,701,109
I03205,421,W005,S031,824,189
I03206,421,W006,S032,866,121
I03207,421,W007,S043,810,150
I03208,421,W008,S036,628,165
I03209,421,W009,S038,721,33
I03210,421,W010,S044,317,122
I03211,422,W001,S049,437,83
I03212,422,W002,S007,835,128
I03213,422,W003,S023,173,77
I03214,422,W004,S025,584,183
I03215,422,W005,S022,655,194
I03216,422,W006,S019,427,193
I03217,422,W007,S045,874,32
I03218,422,W008,S002,899,25
I03219,422,W009,S019,566,132
I03220,422,W010,S006,639,89
I03221,423,W001,S039,569,162
I03222,423,W002,S021,995,61
I03223,423,W003,S028,580,134
I03224,423,W004,S005,78,166
I03225,423,W005,S050,120,199
I03226,423,W006,S028,721,145
I03227,423,W007,S002,997,73
I03228,423,W008,S023,159,40
I03229,423,W009,S019,429,135
I03230,423,W010,S040,984,115
I03231,424,W001,S015,622,97
I03232,424,W002,S011,888,169
I03233,424,W003,S033,715,131
I03234,424,W004,S009,120,160
I03235,424,W005,S026,375,174
I03236,424,W006,S043,112,59
I03237,424,W007,S037,233,129
I03238,424,W008,S028,447,46
I03239,424,W009,S005,642,181
I03240,424,W010,S028,742,141
I03241,425,W001,S034,947,186
I03242,425,W002,S043,472,31
I03243,425,W003,S035,655,26
I03244,425,W004,S022,108,149
I03245,425,W005,S034,430,196
I03246,425,W006,S014,125,44
I03247,425,W007,S023,130,102
I03248,425,W008,S015,378,51
I03249,425,W009,S011,267,86
I03250,425,W010,S010,456,191
I03251,426,W001,S015,265,136
I03252,426,W002,S027,932,82
I03253,426,W003,S002,998,138
I03254,426,W004,S046,885,111
I03255,426,W005,S025,839,164
I03256,426,W006,S002,790,39
I03257,426,W007,S045,259,137
I03258,426,W008,S031,837,53
I03259,426,W009,S042,735,120
I03260,426,W010,S014,783,174
I03261,427,W001,S005,55,126
I03262,427,W002,S049,821,62
I03263,427,W003,S039,448,174
I03264,427,W004,S007,386,128
I03265,427,W005,S041,939,41
I03266,427,W006,S006,265,45
I03267,427,W007,S038,737,44
I03268,427,W008,S050,451,185
I03269,427,W009,S031,59,150
I03270,427,W010,S048,672,22
I03271,428,W001,S050,407,26
I03272,428,W002,S001,866,151
I03273,428,W003,S026,578,54
I03274,428,W004,S023,185,54
I03275,428,W005,S039,712,169
I03276,428,W006,S007,254,130
I03277,428,W007,S001,171,148
I03278,428,W008,S031,292,197
I03279,428,W009,S005,296,108
I03280,428,W010,S037,211,139
I03281,429,W001,S035,100,156
I03282,429,W002,S023,651,51
I03283,429,W003,S019,751,193
I03284,429,W004,S043,749,167
I03285,429,W005,S033,417,165
I03286,429,W006,S040,580,31
I03287,429,W007,S047,273,121
I03288,429,W008,S032,436,166
I03289,429,W009,S032,546,36
I03290,429,W010,S031,969,36
I03291,430,W001,S019,447,112
I03292,430,W002,S021,507,45
I03293,430,W003,S006,436,108
I03294,430,W004,S017,230,72
I03295,430,W005,S035,116,52
I03296,430,W006,S015,107,191
I03297,430,W007,S045,283,52
I03298,430,W008,S007,647,54
I03299,430,W009,S017,265,67
I03300,430,W010,S002,805,58
I03301,431,W001,S014,446,111
I03302,431,W002,S015,619,179
I03303,431,W003,S032,667,175
I03304,431,W004,S012,371,193
I03305,431,W005,S014,265,78
I03306,431,W006,S002,637,73
I03307,431,W007,S040,883,49
I03308,431,W008,S041,943,195
I03309,431,W009,S013,894,78
I03310,431,W010,S039,218,168
I03311,432,W001,S026,698,65
I03312,432,W002,S003,359,148
I03313,432,W003,S045,168,130
I03314,432,W004,S018,466,123
I03315,432,W005,S034,191,141
I03316,432,W006,S050,604,147
I03317,432,W007,S007,800,74
I03318,432,W008,S042,248,37
I03319,432,W009,S002,235,108
I03320,432,W010,S003,930,81
I03321,433,W001,S049,678,140
I03322,433,W002,S034,621,68
I03323,433,W003,S023,432,39
I03324,433,W004,S050,916,151
I03325,433,W005,S043,281,178
I03326,433,W006,S012,369,87
I03327,433,W007,S048,608,72
I03328,433,W008,S019,428,25
I03329,433,W009,S019,344,80
I03330,433,W010,S009,849,66
I03331,434,W001,S025,610,190
I03332,434,W002,S005,61,88
I03333,434,W003,S030,933,40
I03334,434,W004,S025,178,174
I03335,434,W005,S011,814,127
I03336,434,W006,S020,239,41
I03337,434,W007,S041,98,79
I03338,434,W008,S024,893,173
I03339,434,W009,S015,743,60
I03340,434,W010,S035,376,154
I03341,435,W001,S032,954,195
I03342,435,W002,S013,602,93
I03343,435,W003,S012,872,37
I03344,435,W004,S018,429,96
I03345,435,W005,S024,919,159
I03346,435,W006,S020,906,146
I03347,435,W007,S040,405,120
I03348,435,W008,S023,889,33
I03349,435,W009,S026,917,190
I03350,435,W010,S003,588,81
I03351,436,W001,S036,462,105
I03352,436,W002,S032,611,171
I03353,436,W003,S022,142,182
I03354,436,W004,S035,365,196
I03355,436,W005,S042,756,111
I03356,436,W006,S019,155,140
I03357,436,W007,S032,525,177
I03358,436,W008,S001,275,60
I03359,436,W009,S038,917,162
I03360,436,W010,S010,874,177
I03361,437,W001,S027,453,158
I03362,437,W002,S038,126,160
I03363,437,W003,S036,517,59
I03364,437,W004,S002,759,134
I03365,437,W005,S048,296,20
I03366,437,W006,S005,792,135
I03367,437,W007,S038,583,49
I03368,437,W008,S014,151,105
I03369,437,W009,S013,546,106
I03370,437,W010,S035,447,129
I03371,438,W001,S048,523,147
I03372,438,W002,S048,921,30
I03373,438,W003,S034,230,135
I03374,438,W004,S015,944,64
I03375,438,W005,S029,354,90
I03376,438,W006,S045,283,65
I03377,438,W007,S020,310,31
I03378,438,W008,S006,115,65
I03379,438,W009,S003,52,21
I03380,438,W010,S020,591,81
I03381,439,W001,S031,423,75
I03382,439,W002,S020,446,144
I03383,439,W003,S026,281,42
I03384,439,W004,S014,933,110
I03385,439,W005,S035,229,98
I03386,439,W006,S018,511,57
I03387,439,W007,S005,354,104
I03388,439,W008,S045,483,174
I03389,439,W009,S002,280,191
I03390,439,W010,S006,997,57
I03391,440,W001,S025,357,170
I03392,440,W002,S047,317,197
I03393,440,W003,S042,887,49
I03394,440,W004,S026,659,109
I03395,440,W005,S038,651,172
I03396,440,W006,S020,369,119
I03397,440,W007,S024,953,137
I03398,440,W008,S037,607,145
I03399,440,W009,S022,777,134
I03400,440,W010,S003,386,126
I03401,441,W001,S015,559,158
I03402,441,W002,S043,487,53
I03403,441,W003,S028,890,96
I03404,441,W004,S020,295,111
I03405,441,W005,S014,535,121
I03406,441,W006,S014,419,106
I03407,441,W007,S044,930,141
I03408,441,W008,S021,635,93
I03409,441,W009,S021,633,77
I03410,441,W010,S044,568,143
I03411,442,W001,S001,142,93
I03412,442,W002,S049,201,181
I03413,442,W003,S025,321,200
I03414,442,W004,S008,905,164
I03415,442,W005,S028,799,132
I03416,442,W006,S048,403,68
I03417,442,W007,S025,365,150
I03418,442,W008,S016,288,80
I03419,442,W009,S008,924,97
I03420,442,W010,S045,961,99
I03421,443,W001,S007,338,188
I03422,443,W002,S006,845,68
I03423,443,W003,S035,219,84
I03424,443,W004,S011,855,196
I03425,443,W005,S022,383,91
I03426,443,W006,S010,545,184
I03427,443,W007,S042,726,167
I03428,443,W008,S026,882,48
I03429,443,W009,S026,217,27
I03430,443,W010,S026,279,53
I03431,444,W001,S024,665,144
I03432,444,W002,S033,51,157
I03433,444,W003,S030,909,91
I03434,444,W004,S009,756,28
I03435,444,W005,S046,539,60
I03436,444,W006,S029,691,64
I03437,444,W007,S018,362,48
I03438,444,W008,S031,114,41
I03439,444,W009,S020,845,113
I03440,444,W010,S032,412,114
I03441,445,W001,S035,782,161
I03442,445,W002,S040,446,32
I03443,445,W003,S024,540,165
I03444,445,W004,S021,55,47
I03445,445,W005,S037,682,52
I03446,445,W006,S046,379,138
I03447,445,W007,S050,100,147
I03448,445,W008,S046,86,186
I03449,445,W009,S046,867,165
I03450,445,W010,S004,523,98
I03451,446,W001,S018,789,159
I03452,446,W002,S035,982,101
I03453,446,W003,S001,319,47
I03454,446,W004,S030,954,144
I03455,446,W005,S009,476,107
I03456,446,W006,S026,951,158
I03457,446,W007,S002,453,192
I03458,446,W008,S028,963,189
I03459,446,W009,S015,249,149
I03460,446,W010,S039,990,140
I03461,447,W001,S037,705,135
I03462,447,W002,S029,743,108
I03463,447,W003,S047,173,200
I03464,447,W004,S034,593,183
I03465,447,W005,S024,650,21
I03466,447,W006,S032,432,21
I03467,447,W007,S041,273,193
I03468,447,W008,S047,672,170
I03469,447,W009,S021,794,160
I03470,447,W010,S017,840,110
I03471,448,W001,S018,381,125
I03472,448,W002,S012,205,121
I03473,448,W003,S002,550,65
I03474,448,W004,S034,813,145
I03475,448,W005,S005,549,98
I03476,448,W006,S023,74,118
I03477,448,W007,S007,692,196
I03478,448,W008,S035,212,134
I03479,448,W009,S041,489,139
I03480,448,W010,S031,882,125
I03481,449,W001,S041,433,143
I03482,449,W002,S048,159,177
I03483,449,W003,S027,731,83
I03484,449,W004,S017,220,149
I03485,449,W005,S017,679,24
I03486,449,W006,S049,982,142
I03487,449,W007,S047,523,144
I03488,449,W008,S048,831,109
I03489,449,W009,S027,924,88
I03490,449,W010,S035,407,28
I03491,450,W001,S045,553,163
I03492,450,W002,S027,545,99
I03493,450,W003,S002,165,39
I03494,450,W004,S043,944,182
I03495,450,W005,S008,682,194
I03496,450,W006,S009,837,96
I03497,450,W007,S016,979,110
I03498,450,W008,S031,796,141
I03499,450,W009,S024,171,170
I03500,450,W010,S040,356,33
I03501,451,W001,S034,871,83
I03502,451,W002,S032,787,42
I03503,451,W003,S016,348,100
I03504,451,W004,S028,690,41
I03505,451,W005,S033,335,57
I03506,451,W006,S043,926,26
I03507,451,W007,S003,821,115
I03508,451,W008,S009,801,67
I03509,451,W009,S020,241,51
I03510,451,W010,S031,321,63
I03511,452,W001,S028,513,168
I03512,452,W002,S035,422,106
I03513,452,W003,S033,322,125
I03514,452,W004,S050,916,175
I03515,452,W005,S023,731,117
I03516,452,W006,S024,426,199
I03517,452,W007,S036,802,130
I03518,452,W008,S027,145,33
I03519,452,W009,S038,117,161
I03520,452,W010,S015,173,42
I03521,453,W001,S021,732,133
I03522,453,W002,S003,395,114
I03523,453,W003,S030,120,112
I03524,453,W004,S049,549,133
I03525,453,W005,S046,240,190
I03526,453,W006,S024,229,86
I03527,453,W007,S038,657,140
I03528,453,W008,S050,618,171
I03529,453,W009,S012,237,116
I03530,453,W010,S012,531,142
I03531,454,W001,S005,199,190
I03532,454,W002,S044,600,183
I03533,454,W003,S039,788,188
I03534,454,W004,S030,951,181
I03535,454,W005,S050,889,91
I03536,454,W006,S002,468,67
I03537,454,W007,S039,799,112
I03538,454,W008,S009,798,82
I03539,454,W009,S029,531,122
I03540,454,W010,S026,268,144
I03541,455,W001,S032,119,118
I03542,455,W002,S036,719,187
I03543,455,W003,S004,436,61
I03544,455,W004,S024,403,120
I03545,455,W005,S040,711,77
I03546,455,W006,S045,699,179
I03547,455,W007,S011,576,147
I03548,455,W008,S033,54,151
I03549,455,W009,S041,671,144
I03550,455,W010,S023,509,130
I03551,456,W001,S050,758,141
I03552,456,W002,S013,261,23
I03553,456,W003,S017,131,167
I03554,456,W004,S046,215,96
I03555,456,W005,S019,199,119
I03556,456,W006,S018,648,101
I03557,456,W007,S044,160,154
I03558,456,W008,S012,576,161
I03559,456,W009,S041,75,74
I03560,456,W010,S030,909,63
I03561,457,W001,S001,895,183
I03562,457,W002,S021,559,199
I03563,457,W003,S023,479,43
I03564,457,W004,S027,241,162
I03565,457,W005,S008,456,155
I03566,457,W006,S028,395,193
I03567,457,W007,S027,87,163
I03568,457,W008,S022,895,36
I03569,457,W009,S003,107,39
I03570,457,W010,S024,641,62
I03571,458,W001,S035,422,24
I03572,458,W002,S025,86,163
I03573,458,W003,S043,183,127
I03574,458,W004,S044,551,106
I03575,458,W005,S005,879,189
I03576,458,W006,S028,411,150
I03577,458,W007,S012,320,92
I03578,458,W008,S019,187,198
I03579,458,W009,S036,951,140
I03580,458,W010,S022,822,178
I03581,459,W001,S028,494,198
I03582,459,W002,S033,811,157
I03583,459,W003,S047,183,70
I03584,459,W004,S011,508,170
I03585,459,W005,S038,674,43
I03586,459,W006,S006,958,35
I03587,459,W007,S015,982,75
I03588,459,W008,S016,536,29
I03589,459,W009,S035,92,37
I03590,459,W010,S047,381,61
I03591,460,W001,S035,808,134
I03592,460,W002,S040,186,178
I03593,460,W003,S009,312,90
I03594,460,W004,S025,941,73
I03595,460,W005,S021,637,72
I03596,460,W006,S001,501,177
I03597,460,W007,S047,972,154
I03598,460,W008,S021,852,120
I03599,460,W009,S012,699,155
I03600,460,W010,S009,647,24
I03601,461,W001,S008,265,42
I03602,461,W002,S049,408,69
I03603,461,W003,S050,723,41
I03604,461,W004,S017,845,188
I03605,461,W005,S012,636,46
I03606,461,W006,S047,819,131
I03607,461,W007,S016,191,158
I03608,461,W008,S038,474,190
I03609,461,W009,S019,273,45
I03610,461,W010,S040,475,133
I03611,462,W001,S003,974,25
I03612,462,W002,S027,654,81
I03613,462,W003,S022,517,108
I03614,462,W004,S022,453,111
I03615,462,W005,S007,111,102
I03616,462,W006,S026,51,139
I03617,462,W007,S029,351,49
I03618,462,W008,S008,608,167
I03619,462,W009,S002,90,109
I03620,462,W010,S026,923,55
I03621,463,W001,S033,532,200
I03622,463,W002,S019,336,111
I03623,463,W003,S006,580,167
I03624,463,W004,S023,303,185
I03625,463,W005,S044,406,33
I03626,463,W006,S030,593,149
I03627,463,W007,S022,482,32
I03628,463,W008,S027,285,64
I03629,463,W009,S043,136,56
I03630,463,W010,S042,802,169
I03631,464,W001,S024,425,200
I03632,464,W002,S022,183,32
I03633,464,W003,S034,97,79
I03634,464,W004,S008,465,113
I03635,464,W005,S043,727,166
I03636,464,W006,S028,615,136
I03637,464,W007,S027,989,200
I03638,464,W008,S045,793,38
I03639,464,W009,S030,303,44
I03640,464,W010,S035,669,119
I03641,465,W001,S012,804,69
I03642,465,W002,S002,428,66
I03643,465,W003,S048,79,131
I03644,465,W004,S004,374,53
I03645,465,W005,S045,892,134
I03646,465,W006,S034,902,152
I03647,465,W007,S045,171,181
I03648,465,W008,S049,754,99
I03649,465,W009,S015,340,188
I03650,465,W010,S042,629,84
I03651,466,W001,S005,71,87
I03652,466,W002,S008,302,104
I03653,466,W003,S035,140,198
I03654,466,W004,S030,860,188
I03655,466,W005,S036,465,53
I03656,466,W006,S007,332,145
I03657,466,W007,S003,721,48
I03658,466,W008,S007,467,118
I03659,466,W009,S033,918,20
I03660,466,W010,S041,195,135
I03661,467,W001,S031,906,55
I03662,467,W002,S037,110,108
I03663,467,W003,S041,110,112
I03664,467,W004,S013,614,37
I03665,467,W005,S029,96,113
I03666,467,W006,S029,358,83
I03667,467,W007,S003,963,38
I03668,467,W008,S036,822,181
I03669,467,W009,S030,750,64
I03670,467,W010,S040,148,44
I03671,468,W001,S039,680,186
I03672,468,W002,S039,988,170
I03673,468,W003,S001,710,122
I03674,468,W004,S009,602,76
I03675,468,W005,S002,286,91
I03676,468,W006,S028,976,83
I03677,468,W007,S049,223,39
I03678,468,W008,S038,672,94
I03679,468,W009,S048,729,177
I03680,468,W010,S015,886,166
I03681,469,W001,S032,217,92
I03682,469,W002,S025,702,48
I03683,469,W003,S049,903,112
I03684,469,W004,S029,276,81
I03685,469,W005,S013,858,156
I03686,469,W006,S010,203,191
I03687,469,W007,S015,701,91
I03688,469,W008,S037,350,52
I03689,469,W009,S008,669,89
I03690,469,W010,S011,174,103
I03691,470,W001,S005,597,84
I03692,470,W002,S050,613,178
I03693,470,W003,S001,910,179
I03694,470,W004,S034,979,45
I03695,470,W005,S045,819,79
I03696,470,W006,S014,439,128
I03697,470,W007,S006,845,160
I03698,470,W008,S043,198,95
I03699,470,W009,S034,314,83
I03700,470,W010,S030,445,101
I03701,471,W001,S007,111,34
I03702,471,W002,S015,583,92
I03703,471,W003,S008,850,158
I03704,471,W004,S048,798,162
I03705,471,W005,S039,975,187
I03706,471,W006,S036,327,67
I03707,471,W007,S036,879,64
I03708,471,W008,S040,382,86
I03709,471,W009,S046,147,130
I03710,471,W010,S028,192,25
I03711,472,W001,S034,218,27
I03712,472,W002,S047,794,24
I03713,472,W003,S004,282,143
I03714,472,W004,S012,512,125
I03715,472,W005,S006,65,142
I03716,472,W006,S037,338,162
I03717,472,W007,S010,451,178
I03718,472,W008,S036,167,93
I03719,472,W009,S005,850,165
I03720,472,W010,S023,982,181
I03721,473,W001,S026,804,87
I03722,473,W002,S026,628,149
I03723,473,W003,S011,910,107
I03724,473,W004,S011,268,151
I03725,473,W005,S001,851,166
I03726,473,W006,S050,739,53
I03727,473,W007,S038,81,72
I03728,473,W008,S001,126,54
I03729,473,W009,S040,946,38
I03730,473,W010,S023,891,152
I03731,474,W001,S037,668,86
I03732,474,W002,S016,646,107
I03733,474,W003,S005,724,135
I03734,474,W004,S040,896,192
I03735,474,W005,S003,402,157
I03736,474,W006,S038,155,25
I03737,474,W007,S042,568,74
I03738,474,W008,S044,126,181
I03739,474,W009,S024,137,67
I03740,474,W010,S049,442,167
I03741,475,W001,S026,700,78
I03742,475,W002,S046,536,69
I03743,475,W003,S011,399,31
I03744,475,W004,S009,203,74
I03745,475,W005,S001,969,59
I03746,475,W006,S047,726,87
I03747,475,W007,S036,823,36
I03748,475,W008,S039,149,179
I03749,475,W009,S009,100,61
I03750,475,W010,S022,906,172
I03751,476,W001,S044,541,88
I03752,476,W002,S043,97,128
I03753,476,W003,S020,734,23
I03754,476,W004,S039,247,24
I03755,476,W005,S004,431,62
I03756,476,W006,S019,451,134
I03757,476,W007,S028,730,111
I03758,476,W008,S006,868,28
I03759,476,W009,S038,553,151
I03760,476,W010,S025,564,69
I03761,477,W001,S043,158,73
I03762,477,W002,S020,911,66
I03763,477,W003,S034,338,40
I03764,477,W004,S039,896,43
I03765,477,W005,S049,408,136
I03766,477,W006,S006,131,164
I03767,477,W007,S008,250,193
I03768,477,W008,S040,375,39
I03769,477,W009,S029,253,60
I03770,477,W010,S039,996,170
I03771,478,W001,S002,371,182
I03772,478,W002,S006,262,60
I03773,478,W003,S048,310,144
I03774,478,W004,S008,245,31
I03775,478,W005,S023,529,61
I03776,478,W006,S003,326,124
I03777,478,W007,S044,329,186
I03778,478,W008,S020,662,139
I03779,478,W009,S005,206,145
I03780,478,W010,S019,199,140
I03781,479,W001,S005,244,70
I03782,479,W002,S019,698,66
I03783,479,W003,S017,996,165
I03784,479,W004,S034,754,93
I03785,479,W005,S032,412,162
I03786,479,W006,S019,372,117
I03787,479,W007,S016,732,183
I03788,479,W008,S002,625,47
I03789,479,W009,S014,81,113
I03790,479,W010,S034,141,102
I03791,480,W001,S001,727,165
I03792,480,W002,S042,941,196
I03793,480,W003,S038,82,115
I03794,480,W004,S050,161,64
I03795,480,W005,S018,230,33
I03796,480,W006,S015,384,182
I03797,480,W007,S014,430,149
I03798,480,W008,S017,550,109
I03799,480,W009,S024,110,122
I03800,480,W010,S034,178,179
I03801,481,W001,S011,246,143
I03802,481,W002,S005,494,23
I03803,481,W003,S002,660,121
I03804,481,W004,S008,915,74
I03805,481,W005,S019,70,47
I03806,481,W006,S004,609,168
I03807,481,W007,S037,58,122
I03808,481,W008,S009,517,94
I03809,481,W009,S016,675,42
I03810,481,W010,S032,868,80
I03811,482,W001,S038,521,32
I03812,482,W002,S048,709,133
I03813,482,W003,S005,105,188
I03814,482,W004,S010,362,119
I03815,482,W005,S044,293,60
I03816,482,W006,S031,874,173
I03817,482,W007,S041,454,165
I03818,482,W008,S015,236,22
I03819,482,W009,S019,490,37
I03820,482,W010,S003,631,155
I03821,483,W001,S039,691,31
I03822,483,W002,S026,410,182
I03823,483,W003,S014,466,22
I03824,483,W004,S006,526,161
I03825,483,W005,S011,757,125
I03826,483,W006,S023,959,81
I03827,483,W007,S032,616,22
I03828,483,W008,S048,717,184
I03829,483,W009,S006,95,151
I03830,483,W010,S005,925,200
I03831,484,W001,S036,169,47
I03832,484,W002,S040,690,95
I03833,484,W003,S032,225,68
I03834,484,W004,S030,734,66
I03835,484,W005,S050,114,33
I03836,484,W006,S050,947,187
I03837,484,W007,S035,403,97
I03838,484,W008,S009,301,43
I03839,484,W009,S046,984,152
I03840,484,W010,S030,969,166
I03841,485,W001,S040,562,124
I03842,485,W002,S016,550,182
I03843,485,W003,S010,914,181
I03844,485,W004,S044,630,85
I03845,485,W005,S006,210,70
I03846,485,W006,S018,627,136
I03847,485,W007,S025,99,60
I03848,485,W008,S013,395,47
I03849,485,W009,S026,583,191
I03850,485,W010,S016,574,67
I03851,486,W001,S007,443,83
I03852,486,W002,S011,736,162
I03853,486,W003,S035,563,33
I03854,486,W004,S046,515,147
I03855,486,W005,S048,969,31
I03856,486,W006,S002,277,192
I03857,486,W007,S038,680,106
I03858,486,W008,S045,520,136
I03859,486,W009,S019,496,189
I03860,486,W010,S022,953,117
I03861,487,W001,S041,273,154
I03862,487,W002,S028,708,163
I03863,487,W003,S028,337,84
I03864,487,W004,S027,626,142
I03865,487,W005,S012,415,126
I03866,487,W006,S004,180,185
I03867,487,W007,S027,365,181
I03868,487,W008,S021,249,49
I03869,487,W009,S028,941,165
I03870,487,W010,S015,329,37
I03871,488,W001,S032,550,147
I03872,488,W002,S049,785,189
I03873,488,W003,S029,218,159
I03874,488,W004,S005,482,137
I03875,488,W005,S015,644,62
I03876,488,W006,S030,188,133
I03877,488,W007,S022,339,194
I03878,488,W008,S025,409,63
I03879,488,W009,S016,460,163
I03880,488,W010,S036,526,185
I03881,489,W001,S021,913,127
I03882,489,W002,S020,236,96
I03883,489,W003,S009,618,82
I03884,489,W004,S021,557,51
I03885,489,W005,S047,611,185
I03886,489,W006,S037,215,171
I03887,489,W007,S012,894,129
I03888,489,W008,S030,657,140
I03889,489,W009,S028,321,90
I03890,489,W010,S006,145,57
I03891,490,W001,S041,781,196
I03892,490,W002,S042,55,199
I03893,490,W003,S029,471,43
I03894,490,W004,S036,473,124
I03895,490,W005,S035,171,93
I03896,490,W006,S041,704,163
I03897,490,W007,S038,725,119
I03898,490,W008,S004,381,162
I03899,490,W009,S021,509,47
I03900,490,W010,S010,757,146
I03901,491,W001,S006,50,155
I03902,491,W002,S004,903,32
I03903,491,W003,S036,355,171
I03904,491,W004,S038,490,57
I03905,491,W005,S046,98,52
I03906,491,W006,S045,237,135
I03907,491,W007,S024,936,37
I03908,491,W008,S016,811,56
I03909,491,W009,S012,431,54
I03910,491,W010,S030,753,44
I03911,492,W001,S034,500,127
I03912,492,W002,S042,62,71
I03913,492,W003,S031,117,84
I03914,492,W004,S017,124,125
I03915,492,W005,S008,339,187
I03916,492,W006,S018,568,62
I03917,492,W007,S006,344,76
I03918,492,W008,S002,710,104
I03919,492,W009,S018,706,91
I03920,492,W010,S041,445,51
I03921,493,W001,S039,792,75
I03922,493,W002,S043,632,156
I03923,493,W003,S030,567,183
I03924,493,W004,S047,537,28
I03925,493,W005,S033,140,198
I03926,493,W006,S015,376,84
I03927,493,W007,S038,727,126
I03928,493,W008,S022,585,107
I03929,493,W009,S042,506,194
I03930,493,W010,S002,739,188
I03931,494,W001,S029,237,126
I03932,494,W002,S027,283,88
I03933,494,W003,S046,817,196
I03934,494,W004,S045,192,177
I03935,494,W005,S002,946,104
I03936,494,W006,S020,699,153
I03937,494,W007,S042,760,54
I03938,494,W008,S013,267,126
I03939,494,W009,S043,143,61
I03940,494,W010,S009,959,199
I03941,495,W001,S009,525,86
I03942,495,W002,S046,79,21
I03943,495,W003,S016,665,143
I03944,495,W004,S050,913,174
I03945,495,W005,S010,772,98
I03946,495,W006,S005,787,68
I03947,495,W007,S002,425,106
I03948,495,W008,S035,657,101
I03949,495,W009,S015,258,190
I03950,495,W010,S002,298,136
I03951,496,W001,S011,74,168
I03952,496,W002,S028,571,121
I03953,496,W003,S027,941,179
I03954,496,W004,S003,709,120
I03955,496,W005,S042,222,88
I03956,496,W006,S035,839,54
I03957,496,W007,S048,509,100
I03958,496,W008,S042,565,109
I03959,496,W009,S029,882,163
I03960,496,W010,S013,143,120
I03961,497,W001,S030,310,91
I03962,497,W002,S005,181,131
I03963,497,W003,S042,391,153
I03964,497,W004,S013,779,123
I03965,497,W005,S013,313,34
I03966,497,W006,S010,103,31
I03967,497,W007,S020,943,112
I03968,497,W008,S002,429,132
I03969,497,W009,S004,320,172
I03970,497,W010,S035,827,101
I03971,498,W001,S007,534,81
I03972,498,W002,S018,355,60
I03973,498,W003,S028,100,193
I03974,498,W004,S048,592,86
I03975,498,W005,S032,471,36
I03976,498,W006,S042,299,172
I03977,498,W007,S047,920,150
I03978,498,W008,S046,818,162
I03979,498,W009,S001,440,153
I03980,498,W010,S012,584,175
I03981,499,W001,S025,389,184
I03982,499,W002,S050,928,101
I03983,499,W003,S025,129,143
I03984,499,W004,S046,773,125
I03985,499,W005,S006,473,89
I03986,499,W006,S046,338,107
I03987,499,W007,S006,473,153
I03988,499,W008,S039,147,47
I03989,499,W009,S048,468,192
I03990,499,W010,S038,560,107
I03991,500,W001,S021,222,63
I03992,500,W002,S019,142,91
I03993,500,W003,S031,781,32
I03994,500,W004,S015,623,165
I03995,500,W005,S006,256,169
I03996,500,W006,S050,231,27
I03997,500,W007,S028,281,71
I03998,500,W008,S023,795,128
I03999,500,W009,S006,588,35
I04000,500,W010,S021,462,182
I04001,501,W001,S004,658,153
I04002,501,W002,S026,533,163
I04003,501,W003,S004,971,155
I04004,501,W004,S038,370,114
I04005,501,W005,S041,344,175
I04006,501,W006,S035,397,99
I04007,501,W007,S017,406,78
I04008,501,W008,S047,79,64
I04009,501,W009,S004,811,188
I04010,501,W010,S008,347,138
I04011,502,W001,S031,637,194
I04012,502,W002,S031,693,38
I04013,502,W003,S007,789,85
I04014,502,W004,S003,288,72
I04015,502,W005,S021,155,139
I04016,502,W006,S018,455,93
I04017,502,W007,S046,90,131
I04018,502,W008,S040,156,171
I04019,502,W009,S024,399,71
I04020,502,W010,S043,846,88
I04021,503,W001,S032,744,84
I04022,503,W002,S045,381,104
I04023,503,W003,S032,354,191
I04024,503,W004,S036,61,121
I04025,503,W005,S014,769,95
I04026,503,W006,S040,241,52
I04027,503,W007,S013,811,162
I04028,503,W008,S015,878,48
I04029,503,W009,S050,111,167
I04030,503,W010,S029,647,77
I04031,504,W001,S050,238,164
I04032,504,W002,S007,963,183
I04033,504,W003,S034,923,165
I04034,504,W004,S010,965,132
I04035,504,W005,S010,706,125
I04036,504,W006,S012,767,99
I04037,504,W007,S028,742,105
I04038,504,W008,S044,261,23
I04039,504,W009,S024,592,161
I04040,504,W010,S019,823,63
I04041,505,W001,S036,303,32
I04042,505,W002,S014,712,20
I04043,505,W003,S021,383,46
I04044,505,W004,S019,315,114
I04045,505,W005,S010,999,180
I04046,505,W006,S009,507,105
I04047,505,W007,S031,316,50
I04048,505,W008,S015,968,76
I04049,505,W009,S029,641,25
I04050,505,W010,S036,261,100
I04051,506,W001,S040,514,132
I04052,506,W002,S040,630,173
I04053,506,W003,S049,958,190
I04054,506,W004,S032,296,198
I04055,506,W005,S009,751,116
I04056,506,W006,S031,177,97
I04057,506,W007,S013,754,184
I04058,506,W008,S022,893,133
I04059,506,W009,S021,388,194
I04060,506,W010,S027,682,168
I04061,507,W001,S009,743,91
I04062,507,W002,S013,839,30
I04063,507,W003,S012,470,197
I04064,507,W004,S035,456,165
I04065,507,W005,S027,132,186
I04066,507,W006,S016,473,167
I04067,507,W007,S038,809,32
I04068,507,W008,S033,164,47
I04069,507,W009,S040,176,148
I04070,507,W010,S038,153,107
I04071,508,W001,S038,227,117
I04072,508,W002,S039,893,166
I04073,508,W003,S043,970,79
I04074,508,W004,S036,498,182
I04075,508,W005,S031,146,121
I04076,508,W006,S035,627,152
I04077,508,W007,S037,960,70
I04078,508,W008,S003,992,91
I04079,508,W009,S033,801,196
I04080,508,W010,S015,256,69
I04081,509,W001,S004,792,138
I04082,509,W002,S047,712,143
I04083,509,W003,S023,817,181
I04084,509,W004,S042,946,165
I04085,509,W005,S009,689,96
I04086,509,W006,S033,872,46
I04087,509,W007,S019,489,187
I04088,509,W008,S008,985,49
I04089,509,W009,S043,602,110
I04090,509,W010,S001,710,66
I04091,510,W001,S019,522,170
I04092,510,W002,S039,153,86
I04093,510,W003,S005,218,66
I04094,510,W004,S010,510,151
I04095,510,W005,S037,624,71
I04096,510,W006,S027,750,177
I04097,510,W007,S006,947,68
I04098,510,W008,S046,971,29
I04099,510,W009,S030,157,70
I04100,510,W010,S043,750,137
I04101,511,W001,S008,847,190
I04102,511,W002,S029,638,112
I04103,511,W003,S019,90,91
I04104,511,W004,S009,380,182
I04105,511,W005,S030,896,89
I04106,511,W006,S009,281,86
I04107,511,W007,S018,619,104
I04108,511,W008,S007,742,67
I04109,511,W009,S007,358,52
I04110,511,W010,S017,493,122
I04111,512,W001,S023,454,73
I04112,512,W002,S037,609,127
I04113,512,W003,S013,777,155
I04114,512,W004,S048,285,194
I04115,512,W005,S014,619,59
I04116,512,W006,S042,393,59
I04117,512,W007,S008,703,106
I04118,512,W008,S017,291,82
I04119,512,W009,S046,93,90
I04120,512,W010,S003,820,69
I04121,513,W001,S043,960,158
I04122,513,W002,S027,701,69
I04123,513,W003,S034,194,114
I04124,513,W004,S043,389,42
I04125,513,W005,S045,561,146
I04126,513,W006,S006,769,200
I04127,513,W007,S012,805,133
I04128,513,W008,S021,747,180
I04129,513,W009,S043,114,171
I04130,513,W010,S010,807,75
I04131,514,W001,S010,376,194
I04132,514,W002,S008,734,162
I04133,514,W003,S014,726,184
I04134,514,W004,S022,452,126
I04135,514,W005,S031,883,141
I04136,514,W006,S014,919,68
I04137,514,W007,S023,136,132
I04138,514,W008,S032,367,178
I04139,514,W009,S030,934,167
I04140,514,W010,S032,771,92
I04141,515,W001,S043,72,154
I04142,515,W002,S027,264,55
I04143,515,W003,S022,938,98
I04144,515,W004,S029,985,108
I04145,515,W005,S042,458,61
I04146,515,W006,S048,430,164
I04147,515,W007,S011,820,125
I04148,515,W008,S017,631,80
I04149,515,W009,S009,85,40
I04150,515,W010,S015,642,91
I04151,516,W001,S036,599,160
I04152,516,W002,S024,297,73
I04153,516,W003,S037,567,148
I04154,516,W004,S015,825,165
I04155,516,W005,S034,365,179
I04156,516,W006,S045,995,58
I04157,516,W007,S031,832,121
I04158,516,W008,S032,703,98
I04159,516,W009,S044,119,98
I04160,516,W010,S004,446,68
I04161,517,W001,S021,867,156
I04162,517,W002,S045,193,181
I04163,517,W003,S017,376,173
I04164,517,W004,S026,64,32
I04165,517,W005,S048,447,191
I04166,517,W006,S001,941,197
I04167,517,W007,S004,819,30
I04168,517,W008,S003,468,99
I04169,517,W009,S031,324,149
I04170,517,W010,S027,232,171
I04171,518,W001,S045,539,59
I04172,518,W002,S044,272,56
I04173,518,W003,S020,228,190
I04174,518,W004,S035,616,144
I04175,518,W005,S007,804,124
I04176,518,W006,S035,341,137
I04177,518,W007,S006,349,176
I04178,518,W008,S005,679,142
I04179,518,W009,S029,558,66
I04180,518,W010,S008,390,76
I04181,519,W001,S020,64,134
I04182,519,W002,S026,343,136
I04183,519,W003,S024,790,172
I04184,519,W004,S038,926,35
I04185,519,W005,S007,222,60
I04186,519,W006,S032,180,48
I04187,519,W007,S022,193,49
I04188,519,W008,S045,274,99
I04189,519,W009,S036,140,190
I04190,519,W010,S036,417,132
I04191,520,W001,S018,597,24
I04192,520,W002,S001,779,112
I04193,520,W003,S014,876,85
I04194,520,W004,S050,947,51
I04195,520,W005,S034,796,29
I04196,520,W006,S047,84,191
I04197,520,W007,S017,569,154
I04198,520,W008,S014,240,193
I04199,520,W009,S024,78,60
I04200,520,W010,S002,198,165
I04201,521,W001,S010,483,78
I04202,521,W002,S009,496,169
I04203,521,W003,S048,912,34
I04204,521,W004,S043,932,101
I04205,521,W005,S044,128,122
I04206,521,W006,S027,359,168
I04207,521,W007,S026,82,132
I04208,521,W008,S006,740,123
I04209,521,W009,S034,649,177
I04210,521,W010,S038,105,162
I04211,522,W001,S034,675,144
I04212,522,W002,S024,968,100
I04213,522,W003,S007,565,131
I04214,522,W004,S003,338,79
I04215,522,W005,S003,641,167
I04216,522,W006,S029,632,109
I04217,522,W007,S031,254,135
I04218,522,W008,S035,623,89
I04219,522,W009,S044,80,168
I04220,522,W010,S032,490,117
I04221,523,W001,S011,922,153
I04222,523,W002,S038,207,104
I04223,523,W003,S011,686,83
I04224,523,W004,S015,852,29
I04225,523,W005,S006,923,123
I04226,523,W006,S019,370,76
I04227,523,W007,S026,143,142
I04228,523,W008,S025,853,161
I04229,523,W009,S027,119,24
I04230,523,W010,S002,675,96
I04231,524,W001,S042,668,34
I04232,524,W002,S037,815,122
I04233,524,W003,S013,446,166
I04234,524,W004,S049,155,173
I04235,524,W005,S014,575,196
I04236,524,W006,S032,639,64
I04237,524,W007,S049,470,200
I04238,524,W008,S047,544,191
I04239,524,W009,S017,84,63
I04240,524,W010,S029,657,175
I04241,525,W001,S032,404,174
I04242,525,W002,S008,332,32
I04243,525,W003,S038,854,149
I04244,525,W004,S011,605,71
I04245,525,W005,S013,191,134
I04246,525,W006,S021,320,131
I04247,525,W007,S013,704,123
I04248,525,W008,S015,841,53
I04249,525,W009,S019,906,179
I04250,525,W010,S042,837,153
I04251,526,W001,S028,283,21
I04252,526,W002,S039,954,118
I04253,526,W003,S034,687,177
I04254,526,W004,S021,194,59
I04255,526,W005,S030,548,145
I04256,526,W006,S011,906,132
I04257,526,W007,S002,271,105
I04258,526,W008,S006,449,123
I04259,526,W009,S023,707,120
I04260,526,W010,S019,254,119
I04261,527,W001,S039,194,42
I04262,527,W002,S042,742,150
I04263,527,W003,S014,365,96
I04264,527,W004,S010,85,27
I04265,527,W005,S049,141,58
I04266,527,W006,S007,569,156
I04267,527,W007,S039,742,160
I04268,527,W008,S009,901,102
I04269,527,W009,S002,234,82
I04270,527,W010,S034,777,120
I04271,528,W001,S046,330,148
I04272,528,W002,S037,221,80
I04273,528,W003,S018,605,169
I04274,528,W004,S003,882,65
I04275,528,W005,S044,424,177
I04276,528,W006,S032,775,52
I04277,528,W007,S003,297,146
I04278,528,W008,S035,597,139
I04279,528,W009,S006,750,178
I04280,528,W010,S034,126,38
I04281,529,W001,S007,164,144
I04282,529,W002,S015,885,128
I04283,529,W003,S043,415,165
I04284,529,W004,S048,227,164
I04285,529,W005,S026,638,108
I04286,529,W006,S029,517,184
I04287,529,W007,S036,467,173
I04288,529,W008,S025,299,69
I04289,529,W009,S031,807,32
I04290,529,W010,S015,90,131
I04291,530,W001,S015,884,125
I04292,530,W002,S037,162,29
I04293,530,W003,S008,823,43
I04294,530,W004,S041,145,69
I04295,530,W005,S010,181,135
I04296,530,W006,S032,316,136
I04297,530,W007,S026,421,124
I04298,530,W008,S027,183,140
I04299,530,W009,S025,433,186
I04300,530,W010,S034,995,87
I04301,531,W001,S033,392,167
I04302,531,W002,S043,114,86
I04303,531,W003,S032,270,144
I04304,531,W004,S001,430,172
I04305,531,W005,S050,414,33
I04306,531,W006,S007,229,110
I04307,531,W007,S048,364,156
I04308,531,W008,S013,926,71
I04309,531,W009,S026,988,167
I04310,531,W010,S008,492,116
I04311,532,W001,S029,315,116
I04312,532,W002,S046,444,99
I04313,532,W003,S050,527,73
I04314,532,W004,S026,282,33
I04315,532,W005,S044,761,94
I04316,532,W006,S010,762,180
I04317,532,W007,S038,326,43
I04318,532,W008,S008,560,166
I04319,532,W009,S037,432,55
I04320,532,W010,S029,427,96
I04321,533,W001,S042,702,200
I04322,533,W002,S023,483,154
I04323,533,W003,S003,587,125
I04324,533,W004,S001,127,112
I04325,533,W005,S030,361,56
I04326,533,W006,S044,747,171
I04327,533,W007,S038,193,127
I04328,533,W008,S006,163,176
I04329,533,W009,S044,928,147
I04330,533,W010,S032,79,31
I04331,534,W001,S050,761,60
I04332,534,W002,S050,743,29
I04333,534,W003,S010,494,36
I04334,534,W004,S031,271,25
I04335,534,W005,S028,314,98
I04336,534,W006,S047,530,89
I04337,534,W007,S013,374,105
I04338,534,W008,S030,365,197
I04339,534,W009,S011,834,126
I04340,534,W010,S044,487,189
I04341,535,W001,S039,171,161
I04342,535,W002,S042,618,183
I04343,535,W003,S014,669,92
I04344,535,W004,S026,914,78
I04345,535,W005,S014,857,131
I04346,535,W006,S050,50,179
I04347,535,W007,S009,817,49
I04348,535,W008,S044,615,78
I04349,535,W009,S042,346,152
I04350,535,W010,S008,368,42
I04351,536,W001,S004,688,84
I04352,536,W002,S011,496,105
I04353,536,W003,S029,175,148
I04354,536,W004,S025,598,146
I04355,536,W005,S037,772,83
I04356,536,W006,S039,836,195
I04357,536,W007,S021,500,26
I04358,536,W008,S037,799,96
I04359,536,W009,S039,979,134
I04360,536,W010,S036,654,26
I04361,537,W001,S032,689,177
I04362,537,W002,S039,922,132
I04363,537,W003,S009,601,93
I04364,537,W004,S027,676,94
I04365,537,W005,S031,678,73
I04366,537,W006,S036,557,89
I04367,537,W007,S045,85,197
I04368,537,W008,S043,538,60
I04369,537,W009,S046,344,188
I04370,537,W010,S025,736,164
I04371,538,W001,S002,705,124
I04372,538,W002,S042,823,68
I04373,538,W003,S042,452,196
I04374,538,W004,S047,378,100
I04375,538,W005,S013,764,88
I04376,538,W006,S023,356,139
I04377,538,W007,S047,414,43
I04378,538,W008,S039,977,104
I04379,538,W009,S043,262,153
I04380,538,W010,S012,820,66
I04381,539,W001,S006,350,82
I04382,539,W002,S028,940,170
I04383,539,W003,S036,158,65
I04384,539,W004,S043,574,145
I04385,539,W005,S046,441,198
I04386,539,W006,S001,652,110
I04387,539,W007,S050,211,195
I04388,539,W008,S039,591,98
I04389,539,W009,S048,950,74
I04390,539,W010,S016,94,159
I04391,540,W001,S020,167,123
I04392,540,W002,S034,504,84
I04393,540,W003,S025,181,156
I04394,540,W004,S006,822,163
I04395,540,W005,S040,329,26
I04396,540,W006,S025,793,119
I04397,540,W007,S026,543,140
I04398,540,W008,S027,93,24
I04399,540,W009,S038,105,133
I04400,540,W010,S039,667,26
I04401,541,W001,S005,224,121
I04402,541,W002,S017,163,187
I04403,541,W003,S015,684,104
I04404,541,W004,S002,720,82
I04405,541,W005,S020,601,159
I04406,541,W006,S013,873,34
I04407,541,W007,S042,93,190
I04408,541,W008,S030,369,154
I04409,541,W009,S050,758,151
I04410,541,W010,S039,669,100
I04411,542,W001,S032,590,102
I04412,542,W002,S046,761,148
I04413,542,W003,S019,117,96
I04414,542,W004,S001,462,131
I04415,542,W005,S048,222,112
I04416,542,W006,S028,699,183
I04417,542,W007,S017,198,126
I04418,542,W008,S027,362,133
I04419,542,W009,S006,816,187
I04420,542,W010,S026,979,29
I04421,543,W001,S037,859,144
I04422,543,W002,S029,219,34
I04423,543,W003,S013,183,20
I04424,543,W004,S017,867,176
I04425,543,W005,S030,761,128
I04426,543,W006,S020,625,161
I04427,543,W007,S039,695,82
I04428,543,W008,S006,440,54
I04429,543,W009,S013,823,166
I04430,543,W010,S029,793,129
I04431,544,W001,S046,753,43
I04432,544,W002,S048,357,115
I04433,544,W003,S020,932,99
I04434,544,W004,S003,999,38
I04435,544,W005,S022,312,197
I04436,544,W006,S017,892,29
I04437,544,W007,S050,623,116
I04438,544,W008,S025,812,143
I04439,544,W009,S002,140,85
I04440,544,W010,S037,911,68
I04441,545,W001,S036,621,85
I04442,545,W002,S010,890,108
I04443,545,W003,S011,841,82
I04444,545,W004,S027,266,112
I04445,545,W005,S023,526,125
I04446,545,W006,S040,882,44
I04447,545,W007,S014,142,41
I04448,545,W008,S031,558,118
I04449,545,W009,S024,62,94
I04450,545,W010,S021,635,193
I04451,546,W001,S015,754,124
I04452,546,W002,S001,805,38
I04453,546,W003,S015,657,136
I04454,546,W004,S035,331,137
I04455,546,W005,S030,912,178
I04456,546,W006,S043,128,149
I04457,546,W007,S012,834,163
I04458,546,W008,S023,461,87
I04459,546,W009,S006,115,36
I04460,546,W010,S009,308,80
I04461,547,W001,S047,86,141
I04462,547,W002,S022,119,177
I04463,547,W003,S038,991,132
I04464,547,W004,S036,779,152
I04465,547,W005,S032,700,58
I04466,547,W006,S046,327,137
I04467,547,W007,S007,324,22
I04468,547,W008,S035,442,69
I04469,547,W009,S040,879,183
I04470,547,W010,S030,749,109
I04471,548,W001,S046,525,70
I04472,548,W002,S004,852,60
I04473,548,W003,S049,244,106
I04474,548,W004,S014,815,85
I04475,548,W005,S025,775,153
I04476,548,W006,S021,511,157
I04477,548,W007,S016,408,112
I04478,548,W008,S022,575,140
I04479,548,W009,S030,943,72
I04480,548,W010,S034,332,111
I04481,549,W001,S035,987,51
I04482,549,W002,S004,138,159
I04483,549,W003,S022,130,52
I04484,549,W004,S031,477,30
I04485,549,W005,S046,329,121
I04486,549,W006,S028,776,52
I04487,549,W007,S031,463,173
I04488,549,W008,S015,885,35
I04489,549,W009,S041,608,103
I04490,549,W010,S048,313,74
I04491,550,W001,S050,794,178
I04492,550,W002,S037,575,103
I04493,550,W003,S040,713,172
I04494,550,W004,S023,283,98
I04495,550,W005,S013,556,175
I04496,550,W006,S011,257,162
I04497,550,W007,S021,237,176
I04498,550,W008,S013,659,79
I04499,550,W009,S027,807,130
I04500,550,W010,S035,488,77
I04501,551,W001,S004,760,92
I04502,551,W002,S037,766,99
I04503,551,W003,S034,326,170
I04504,551,W004,S037,502,195
I04505,551,W005,S014,809,83
I04506,551,W006,S005,139,85
I04507,551,W007,S032,534,119
I04508,551,W008,S036,994,121
I04509,551,W009,S046,759,197
I04510,551,W010,S002,643,52
I04511,552,W001,S045,77,180
I04512,552,W002,S042,413,166
I04513,552,W003,S013,449,23
I04514,552,W004,S049,967,194
I04515,552,W005,S021,220,86
I04516,552,W006,S032,395,136
I04517,552,W007,S005,207,142
I04518,552,W008,S009,203,112
I04519,552,W009,S006,408,162
I04520,552,W010,S005,541,181
I04521,553,W001,S033,797,38
I04522,553,W002,S026,182,36
I04523,553,W003,S045,574,170
I04524,553,W004,S034,296,158
I04525,553,W005,S006,718,77
I04526,553,W006,S006,283,49
I04527,553,W007,S007,542,110
I04528,553,W008,S015,129,41
I04529,553,W009,S028,413,30
I04530,553,W010,S033,946,123
I04531,554,W001,S036,596,129
I04532,554,W002,S044,139,50
I04533,554,W003,S022,680,31
I04534,554,W004,S017,74,105
I04535,554,W005,S030,800,138
I04536,554,W006,S049,362,174
I04537,554,W007,S042,321,138
I04538,554,W008,S003,398,69
I04539,554,W009,S005,668,37
I04540,554,W010,S010,517,175
I04541,555,W001,S050,444,125
I04542,555,W002,S046,195,36
I04543,555,W003,S006,174,151
I04544,555,W004,S018,233,177
I04545,555,W005,S009,944,166
I04546,555,W006,S033,434,187
I04547,555,W007,S012,54,40
I04548,555,W008,S043,581,172
I04549,555,W009,S009,568,198
I04550,555,W010,S036,682,43
I04551,556,W001,S045,786,58
I04552,556,W002,S041,543,70
I04553,556,W003,S033,145,132
I04554,556,W004,S017,98,56
I04555,556,W005,S028,463,45
I04556,556,W006,S027,725,21
I04557,556,W007,S033,551,106
I04558,556,W008,S032,811,42
I04559,556,W009,S001,87,45
I04560,556,W010,S050,813,113
I04561,557,W001,S022,497,120
I04562,557,W002,S024,314,182
I04563,557,W003,S028,662,78
I04564,557,W004,S007,580,41
I04565,557,W005,S046,997,109
I04566,557,W006,S002,209,156
I04567,557,W007,S003,254,142
I04568,557,W008,S050,891,98
I04569,557,W009,S050,95,50
I04570,557,W010,S015,490,181
I04571,558,W001,S050,147,48
I04572,558,W002,S042,693,39
I04573,558,W003,S023,864,30
I04574,558,W004,S002,637,67
I04575,558,W005,S028,82,155
I04576,558,W006,S035,218,79
I04577,558,W007,S003,235,158
I04578,558,W008,S046,374,113
I04579,558,W009,S049,197,134
I04580,558,W010,S026,817,59
I04581,559,W001,S030,210,76
I04582,559,W002,S014,710,31
I04583,559,W003,S018,570,133
I04584,559,W004,S029,815,191
I04585,559,W005,S044,661,84
I04586,559,W006,S003,73,35
I04587,559,W007,S009,270,199
I04588,559,W008,S022,748,104
I04589,559,W009,S005,656,164
I04590,559,W010,S010,771,195
I04591,560,W001,S024,507,48
I04592,560,W002,S047,74,119
I04593,560,W003,S030,548,116
I04594,560,W004,S020,61,98
I04595,560,W005,S037,992,122
I04596,560,W006,S009,699,25
I04597,560,W007,S002,775,180
I04598,560,W008,S023,629,95
I04599,560,W009,S018,541,101
I04600,560,W010,S035,339,195
I04601,561,W001,S044,640,69
I04602,561,W002,S002,622,178
I04603,561,W003,S030,873,88
I04604,561,W004,S036,464,190
I04605,561,W005,S021,456,100
I04606,561,W006,S037,103,51
I04607,561,W007,S040,922,24
I04608,561,W008,S046,631,145
I04609,561,W009,S013,186,102
I04610,561,W010,S026,705,111
I04611,562,W001,S050,575,60
I04612,562,W002,S002,392,67
I04613,562,W003,S028,416,123
I04614,562,W004,S008,490,63
I04615,562,W005,S005,991,151
I04616,562,W006,S007,432,93
I04617,562,W007,S020,948,109
I04618,562,W008,S050,801,54
I04619,562,W009,S035,717,27
I04620,562,W010,S034,103,43
I04621,563,W001,S009,556,159
I04622,563,W002,S035,545,33
I04623,563,W003,S010,430,174
I04624,563,W004,S006,985,53
I04625,563,W005,S032,874,56
I04626,563,W006,S045,602,63
I04627,563,W007,S045,440,77
I04628,563,W008,S033,259,166
I04629,563,W009,S006,521,92
I04630,563,W010,S041,875,53
I04631,564,W001,S022,249,190
I04632,564,W002,S047,98,177
I04633,564,W003,S015,764,134
I04634,564,W004,S001,762,112
I04635,564,W005,S041,300,146
I04636,564,W006,S049,867,34
I04637,564,W007,S023,340,51
I04638,564,W008,S031,335,91
I04639,564,W009,S026,86,134
I04640,564,W010,S050,790,113
I04641,565,W001,S010,311,87
I04642,565,W002,S027,248,21
I04643,565,W003,S018,232,195
I04644,565,W004,S041,822,134
I04645,565,W005,S008,86,102
I04646,565,W006,S034,648,37
I04647,565,W007,S029,308,146
I04648,565,W008,S043,92,99
I04649,565,W009,S035,214,38
I04650,565,W010,S035,869,115
I04651,566,W001,S041,997,73
I04652,566,W002,S032,838,166
I04653,566,W003,S018,90,150
I04654,566,W004,S012,649,109
I04655,566,W005,S026,479,146
I04656,566,W006,S028,801,174
I04657,566,W007,S038,566,89
I04658,566,W008,S032,391,150
I04659,566,W009,S012,980,114
I04660,566,W010,S023,259,32
I04661,567,W001,S028,622,186
I04662,567,W002,S012,270,28
I04663,567,W003,S002,409,87
I04664,567,W004,S007,389,60
I04665,567,W005,S017,797,174
I04666,567,W006,S037,913,89
I04667,567,W007,S038,716,126
I04668,567,W008,S047,216,87
I04669,567,W009,S004,201,156
I04670,567,W010,S030,539,68
I04671,568,W001,S018,784,172
I04672,568,W002,S038,863,164
I04673,568,W003,S018,53,91
I04674,568,W004,S007,275,191
I04675,568,W005,S011,317,62
I04676,568,W006,S015,650,120
I04677,568,W007,S006,487,113
I04678,568,W008,S030,875,126
I04679,568,W009,S012,970,27
I04680,568,W010,S017,163,58
I04681,569,W001,S050,861,135
I04682,569,W002,S045,85,40
I04683,569,W003,S041,377,130
I04684,569,W004,S028,709,36
I04685,569,W005,S002,303,34
I04686,569,W006,S027,212,80
I04687,569,W007,S016,1000,125
I04688,569,W008,S047,750,118
I04689,569,W009,S048,318,110
I04690,569,W010,S004,765,118
I04691,570,W001,S012,546,124
I04692,570,W002,S027,370,45
I04693,570,W003,S028,600,183
I04694,570,W004,S015,246,114
I04695,570,W005,S017,203,41
I04696,570,W006,S017,923,110
I04697,570,W007,S019,876,175
I04698,570,W008,S004,925,175
I04699,570,W009,S047,876,75
I04700,570,W010,S006,219,122
I04701,571,W001,S021,776,117
I04702,571,W002,S035,384,141
I04703,571,W003,S005,380,166
I04704,571,W004,S036,715,150
I04705,571,W005,S020,424,177
I04706,571,W006,S005,430,71
I04707,571,W007,S012,521,150
I04708,571,W008,S038,811,67
I04709,571,W009,S038,159,188
I04710,571,W010,S023,447,38
I04711,572,W001,S037,254,199
I04712,572,W002,S028,317,51
I04713,572,W003,S023,621,132
I04714,572,W004,S039,220,186
I04715,572,W005,S047,318,181
I04716,572,W006,S035,899,98
I04717,572,W007,S041,422,155
I04718,572,W008,S014,827,185
I04719,572,W009,S014,322,110
I04720,572,W010,S004,800,63
I04721,573,W001,S039,391,80
I04722,573,W002,S042,957,161
I04723,573,W003,S034,704,149
I04724,573,W004,S026,475,124
I04725,573,W005,S045,379,38
I04726,573,W006,S014,673,48
I04727,573,W007,S018,532,138
I04728,573,W008,S036,171,102
I04729,573,W009,S043,566,124
I04730,573,W010,S017,775,133
I04731,574,W001,S037,132,110
I04732,574,W002,S022,654,162
I04733,574,W003,S016,472,81
I04734,574,W004,S039,348,197
I04735,574,W005,S026,928,160
I04736,574,W006,S025,136,73
I04737,574,W007,S019,585,118
I04738,574,W008,S022,761,142
I04739,574,W009,S014,385,183
I04740,574,W010,S003,967,123
I04741,575,W001,S049,423,41
I04742,575,W002,S046,543,152
I04743,575,W003,S021,449,165
I04744,575,W004,S013,659,198
I04745,575,W005,S025,303,94
I04746,575,W006,S039,277,192
I04747,575,W007,S008,930,67
I04748,575,W008,S010,77,130
I04749,575,W009,S006,926,176
I04750,575,W010,S033,401,111
I04751,576,W001,S041,965,93
I04752,576,W002,S037,232,40
I04753,576,W003,S010,215,132
I04754,576,W004,S019,367,73
I04755,576,W005,S026,298,154
I04756,576,W006,S008,537,51
I04757,576,W007,S007,876,196
I04758,576,W008,S050,930,86
I04759,576,W009,S040,792,199
I04760,576,W010,S006,646,197
I04761,577,W001,S042,850,92
I04762,577,W002,S038,926,190
I04763,577,W003,S050,931,38
I04764,577,W004,S015,86,116
I04765,577,W005,S035,217,24
I04766,577,W006,S022,926,32
I04767,577,W007,S049,916,190
I04768,577,W008,S002,209,145
I04769,577,W009,S015,651,117
I04770,577,W010,S023,376,34
I04771,578,W001,S043,90,129
I04772,578,W002,S034,303,119
I04773,578,W003,S015,712,84
I04774,578,W004,S017,537,82
I04775,578,W005,S014,270,48
I04776,578,W006,S021,337,45
I04777,578,W007,S033,951,39
I04778,578,W008,S044,248,70
I04779,578,W009,S001,727,39
I04780,578,W010,S041,501,149
I04781,579,W001,S026,696,20
I04782,579,W002,S026,955,159
I04783,579,W003,S016,546,190
I04784,579,W004,S008,263,179
I04785,579,W005,S037,803,85
I04786,579,W006,S029,326,145
I04787,579,W007,S004,974,108
I04788,579,W008,S038,286,155
I04789,579,W009,S018,396,128
I04790,579,W010,S028,728,64
I04791,580,W001,S050,99,182
I04792,580,W002,S017,798,123
I04793,580,W003,S009,424,145
I04794,580,W004,S015,723,135
I04795,580,W005,S006,386,141
I04796,580,W006,S048,222,68
I04797,580,W007,S021,751,80
I04798,580,W008,S008,852,179
I04799,580,W009,S042,587,139
I04800,580,W010,S002,215,126
I04801,581,W001,S017,178,185
I04802,581,W002,S043,608,197
I04803,581,W003,S031,919,47
I04804,581,W004,S036,523,32
I04805,581,W005,S047,801,188
I04806,581,W006,S038,253,41
I04807,581,W007,S009,226,156
I04808,581,W008,S023,995,131
I04809,581,W009,S010,145,42
I04810,581,W010,S045,323,176
I04811,582,W001,S029,974,175
I04812,582,W002,S011,914,71
I04813,582,W003,S014,137,182
I04814,582,W004,S032,161,177
I04815,582,W005,S015,931,157
I04816,582,W006,S041,550,70
I04817,582,W007,S026,469,145
I04818,582,W008,S014,572,200
I04819,582,W009,S019,984,91
I04820,582,W010,S022,298,66
I04821,583,W001,S015,768,104
I04822,583,W002,S025,384,137
I04823,583,W003,S044,913,30
I04824,583,W004,S013,290,196
I04825,583,W005,S014,996,138
I04826,583,W006,S041,440,31
I04827,583,W007,S026,585,149
I04828,583,W008,S048,687,152
I04829,583,W009,S026,952,122
I04830,583,W010,S014,297,46
I04831,584,W001,S044,638,196
I04832,584,W002,S042,403,48
I04833,584,W003,S027,739,78
I04834,584,W004,S043,352,80
I04835,584,W005,S013,420,182
I04836,584,W006,S007,484,49
I04837,584,W007,S050,319,43
I04838,584,W008,S039,590,170
I04839,584,W009,S031,139,186
I04840,584,W010,S022,624,170
I04841,585,W001,S041,85,122
I04842,585,W002,S047,301,82
I04843,585,W003,S014,335,149
I04844,585,W004,S020,505,141
I04845,585,W005,S024,597,191
I04846,585,W006,S019,309,64
I04847,585,W007,S040,803,197
I04848,585,W008,S033,747,31
I04849,585,W009,S001,164,70
I04850,585,W010,S049,325,45
I04851,586,W001,S027,496,38
I04852,586,W002,S001,270,68
I04853,586,W003,S021,61,64
I04854,586,W004,S011,484,124
I04855,586,W005,S035,522,116
I04856,586,W006,S002,882,173
I04857,586,W007,S049,959,200
I04858,586,W008,S038,445,174
I04859,586,W009,S032,688,28
I04860,586,W010,S031,370,40
I04861,587,W001,S009,160,101
I04862,587,W002,S001,154,26
I04863,587,W003,S032,726,64
I04864,587,W004,S042,84,149
I04865,587,W005,S028,634,168
I04866,587,W006,S029,783,186
I04867,587,W007,S035,718,133
I04868,587,W008,S034,122,69
I04869,587,W009,S017,432,152
I04870,587,W010,S019,228,132
I04871,588,W001,S012,230,137
I04872,588,W002,S040,928,25
I04873,588,W003,S030,719,41
I04874,588,W004,S008,589,63
I04875,588,W005,S020,241,112
I04876,588,W006,S001,518,34
I04877,588,W007,S043,265,114
I04878,588,W008,S049,312,178
I04879,588,W009,S043,136,89
I04880,588,W010,S030,393,92
I04881,589,W001,S043,109,48
I04882,589,W002,S018,962,97
I04883,589,W003,S014,957,61
I04884,589,W004,S049,602,96
I04885,589,W005,S022,128,164
I04886,589,W006,S047,430,62
I04887,589,W007,S029,287,142
I04888,589,W008,S031,84,61
I04889,589,W009,S034,715,140
I04890,589,W010,S015,942,126
I04891,590,W001,S003,515,147
I04892,590,W002,S032,303,138
I04893,590,W003,S046,429,172
I04894,590,W004,S050,910,27
I04895,590,W005,S045,883,105
I04896,590,W006,S039,809,40
I04897,590,W007,S033,914,57
I04898,590,W008,S042,791,95
I04899,590,W009,S031,882,179
I04900,590,W010,S014,426,97
I04901,591,W001,S047,553,175
I04902,591,W002,S014,217,153
I04903,591,W003,S014,586,193
I04904,591,W004,S025,212,137
I04905,591,W005,S028,231,57
I04906,591,W006,S044,891,31
I04907,591,W007,S012,983,32
I04908,591,W008,S026,188,164
I04909,591,W009,S008,351,147
I04910,591,W010,S004,333,169
I04911,592,W001,S037,681,55
I04912,592,W002,S002,909,178
I04913,592,W003,S019,235,117
I04914,592,W004,S039,828,152
I04915,592,W005,S005,347,167
I04916,592,W006,S032,491,171
I04917,592,W007,S009,582,41
I04918,592,W008,S003,187,156
I04919,592,W009,S001,668,57
I04920,592,W010,S037,638,56
I04921,593,W001,S050,210,156
I04922,593,W002,S038,793,190
I04923,593,W003,S029,928,120
I04924,593,W004,S017,85,122
I04925,593,W005,S003,801,87
I04926,593,W006,S005,732,186
I04927,593,W007,S017,323,176
I04928,593,W008,S031,605,153
I04929,593,W009,S028,665,174
I04930,593,W010,S040,347,69
I04931,594,W001,S037,794,50
I04932,594,W002,S013,478,72
I04933,594,W003,S013,821,114
I04934,594,W004,S041,527,121
I04935,594,W005,S018,385,76
I04936,594,W006,S035,189,51
I04937,594,W007,S020,511,40
I04938,594,W008,S047,652,154
I04939,594,W009,S015,756,52
I04940,594,W010,S013,481,95
I04941,595,W001,S047,199,104
I04942,595,W002,S044,453,168
I04943,595,W003,S029,552,157
I04944,595,W004,S004,202,177
I04945,595,W005,S034,123,104
I04946,595,W006,S041,666,95
I04947,595,W007,S018,589,175
I04948,595,W008,S025,620,26
I04949,595,W009,S021,461,187
I04950,595,W010,S024,330,20
I04951,596,W001,S019,605,138
I04952,596,W002,S038,315,55
I04953,596,W003,S008,354,30
I04954,596,W004,S036,649,109
I04955,596,W005,S032,573,52
I04956,596,W006,S025,777,177
I04957,596,W007,S042,692,22
I04958,596,W008,S013,966,170
I04959,596,W009,S002,297,199
I04960,596,W010,S030,645,156
I04961,597,W001,S002,430,105
I04962,597,W002,S033,748,195
I04963,597,W003,S041,922,188
I04964,597,W004,S022,451,169
I04965,597,W005,S042,877,193
I04966,597,W006,S046,433,162
I04967,597,W007,S008,965,185
I04968,597,W008,S039,516,187
I04969,597,W009,S006,184,67
I04970,597,W010,S024,456,149
I04971,598,W001,S031,438,48
I04972,598,W002,S036,795,163
I04973,598,W003,S022,856,159
I04974,598,W004,S018,369,132
I04975,598,W005,S038,474,134
I04976,598,W006,S007,636,153
I04977,598,W007,S024,494,74
I04978,598,W008,S009,435,72
I04979,598,W009,S030,183,69
I04980,598,W010,S048,312,121
I04981,599,W001,S046,286,39
I04982,599,W002,S026,534,143
I04983,599,W003,S028,317,87
I04984,599,W004,S030,758,89
I04985,599,W005,S045,721,81
I04986,599,W006,S029,855,88
I04987,599,W007,S027,392,81
I04988,599,W008,S025,768,80
I04989,599,W009,S042,636,35
I04990,599,W010,S010,219,49
I04991,600,W001,S043,433,42
I04992,600,W002,S033,978,133
I04993,600,W003,S048,470,160
I04994,600,W004,S033,598,117
I04995,600,W005,S015,833,115
I04996,600,W006,S035,289,127
I04997,600,W007,S008,980,187
I04998,600,W008,S025,234,88
I04999,600,W009,S031,970,157
I05000,600,W010,S031,483,32
I05001,601,W001,S024,102,26
I05002,601,W002,S025,769,91
I05003,601,W003,S032,139,182
I05004,601,W004,S039,629,70
I05005,601,W005,S001,786,71
I05006,601,W006,S029,205,88
I05007,601,W007,S015,393,184
I05008,601,W008,S045,974,185
I05009,601,W009,S024,645,197
I05010,601,W010,S044,990,98
I05011,602,W001,S032,633,33
I05012,602,W002,S011,636,63
I05013,602,W003,S010,648,175
I05014,602,W004,S026,569,198
I05015,602,W005,S034,272,46
I05016,602,W006,S007,120,194
I05017,602,W007,S028,197,103
I05018,602,W008,S011,142,85
I05019,602,W009,S020,147,68
I05020,602,W010,S025,827,47
I05021,603,W001,S028,822,99
I05022,603,W002,S010,227,32
I05023,603,W003,S020,561,99
I05024,603,W004,S004,178,68
I05025,603,W005,S044,484,48
I05026,603,W006,S007,259,123
I05027,603,W007,S041,683,75
I05028,603,W008,S024,85,184
I05029,603,W009,S013,569,162
I05030,603,W010,S045,92,102
I05031,604,W001,S018,567,104
I05032,604,W002,S029,958,44
I05033,604,W003,S044,687,26
I05034,604,W004,S001,538,23
I05035,604,W005,S017,417,182
I05036,604,W006,S038,712,108
I05037,604,W007,S002,752,187
I05038,604,W008,S015,743,60
I05039,604,W009,S042,70,104
I05040,604,W010,S028,660,193
I05041,605,W001,S014,907,184
I05042,605,W002,S017,779,158
I05043,605,W003,S007,450,80
I05044,605,W004,S013,516,91
I05045,605,W005,S032,997,99
I05046,605,W006,S009,522,109
I05047,605,W007,S012,806,68
I05048,605,W008,S033,983,24
I05049,605,W009,S024,631,76
I05050,605,W010,S037,597,62
I05051,606,W001,S005,952,108
I05052,606,W002,S003,895,155
I05053,606,W003,S004,616,175
I05054,606,W004,S038,280,123
I05055,606,W005,S031,625,108
I05056,606,W006,S014,892,56
I05057,606,W007,S001,882,125
I05058,606,W008,S042,169,109
I05059,606,W009,S021,476,71
I05060,606,W010,S043,983,153
I05061,607,W001,S039,275,165
I05062,607,W002,S037,83,136
I05063,607,W003,S033,970,191
I05064,607,W004,S041,215,59
I05065,607,W005,S022,955,140
I05066,607,W006,S040,242,24
I05067,607,W007,S025,782,79
I05068,607,W008,S035,599,71
I05069,607,W009,S037,798,177
I05070,607,W010,S037,50,81
I05071,608,W001,S016,65,78
I05072,608,W002,S021,230,192
I05073,608,W003,S029,862,89
I05074,608,W004,S016,549,186
I05075,608,W005,S030,192,193
I05076,608,W006,S042,806,56
I05077,608,W007,S020,986,153
I05078,608,W008,S016,486,167
I05079,608,W009,S041,746,100
I05080,608,W010,S049,643,168
I05081,609,W001,S023,747,62
I05082,609,W002,S012,976,195
I05083,609,W003,S049,549,54
I05084,609,W004,S028,425,99
I05085,609,W005,S032,238,140
I05086,609,W006,S039,175,83
I05087,609,W007,S031,662,128
I05088,609,W008,S012,125,59
I05089,609,W009,S037,112,76
I05090,609,W010,S026,334,54
I05091,610,W001,S005,753,26
I05092,610,W002,S003,847,162
I05093,610,W003,S015,609,40
I05094,610,W004,S047,75,34
I05095,610,W005,S012,139,24
I05096,610,W006,S023,613,46
I05097,610,W007,S009,935,99
I05098,610,W008,S044,671,137
I05099,610,W009,S035,650,172
I05100,610,W010,S012,80,86
I05101,611,W001,S038,244,92
I05102,611,W002,S036,986,31
I05103,611,W003,S029,395,189
I05104,611,W004,S042,979,180
I05105,611,W005,S032,399,73
I05106,611,W006,S042,314,145
I05107,611,W007,S028,861,66
I05108,611,W008,S048,321,27
I05109,611,W009,S049,475,43
I05110,611,W010,S004,984,80
I05111,612,W001,S010,853,171
I05112,612,W002,S034,150,54
I05113,612,W003,S028,617,128
I05114,612,W004,S002,163,112
I05115,612,W005,S011,204,92
I05116,612,W006,S019,430,104
I05117,612,W007,S048,875,37
I05118,612,W008,S045,508,74
I05119,612,W009,S046,302,109
I05120,612,W010,S006,850,85
I05121,613,W001,S002,914,48
I05122,613,W002,S041,923,115
I05123,613,W003,S002,946,67
I05124,613,W004,S004,745,183
I05125,613,W005,S012,247,134
I05126,613,W006,S045,223,102
I05127,613,W007,S014,654,190
I05128,613,W008,S050,101,85
I05129,613,W009,S005,782,73
I05130,613,W010,S036,79,156
I05131,614,W001,S030,166,143
I05132,614,W002,S049,194,133
I05133,614,W003,S018,717,33
I05134,614,W004,S031,968,43
I05135,614,W005,S003,976,111
I05136,614,W006,S036,922,75
I05137,614,W007,S006,674,80
I05138,614,W008,S016,715,195
I05139,614,W009,S046,78,150
I05140,614,W010,S027,753,197
I05141,615,W001,S048,111,162
I05142,615,W002,S009,784,143
I05143,615,W003,S047,680,163
I05144,615,W004,S013,627,54
I05145,615,W005,S011,647,102
I05146,615,W006,S005,519,133
I05147,615,W007,S047,372,130
I05148,615,W008,S012,816,101
I05149,615,W009,S037,515,90
I05150,615,W010,S006,280,168
I05151,616,W001,S002,703,72
I05152,616,W002,S047,213,38
I05153,616,W003,S037,799,156
I05154,616,W004,S001,971,59
I05155,616,W005,S009,438,160
I05156,616,W006,S027,140,102
I05157,616,W007,S034,191,28
I05158,616,W008,S040,428,105
I05159,616,W009,S007,527,69
I05160,616,W010,S023,561,121
I05161,617,W001,S038,838,163
I05162,617,W002,S009,194,37
I05163,617,W003,S021,404,168
I05164,617,W004,S027,647,114
I05165,617,W005,S006,90,163
I05166,617,W006,S036,330,96
I05167,617,W007,S042,712,196
I05168,617,W008,S026,277,140
I05169,617,W009,S014,222,97
I05170,617,W010,S034,298,104
I05171,618,W001,S002,880,149
I05172,618,W002,S030,578,136
I05173,618,W003,S041,723,168
I05174,618,W004,S010,312,169
I05175,618,W005,S012,253,169
I05176,618,W006,S025,134,123
I05177,618,W007,S003,244,161
I05178,618,W008,S040,558,120
I05179,618,W009,S012,152,124
I05180,618,W010,S050,665,159
I05181,619,W001,S016,936,170
I05182,619,W002,S006,75,60
I05183,619,W003,S018,889,199
I05184,619,W004,S005,921,144
I05185,619,W005,S022,874,26
I05186,619,W006,S003,584,104
I05187,619,W007,S021,361,48
I05188,619,W008,S040,218,189
I05189,619,W009,S005,604,23
I05190,619,W010,S020,518,20
I05191,620,W001,S038,481,108
I05192,620,W002,S005,467,195
I05193,620,W003,S013,638,125
I05194,620,W004,S038,204,69
I05195,620,W005,S025,454,41
I05196,620,W006,S021,552,52
I05197,620,W007,S005,491,86
I05198,620,W008,S011,121,34
I05199,620,W009,S034,503,39
I05200,620,W010,S029,357,67
I05201,621,W001,S047,470,75
I05202,621,W002,S048,420,169
I05203,621,W003,S016,511,122
I05204,621,W004,S002,668,150
I05205,621,W005,S030,812,129
I05206,621,W006,S013,234,64
I05207,621,W007,S027,908,183
I05208,621,W008,S047,308,107
I05209,621,W009,S025,118,134
I05210,621,W010,S015,492,43
I05211,622,W001,S005,164,171
I05212,622,W002,S021,992,24
I05213,622,W003,S043,421,121
I05214,622,W004,S047,738,187
I05215,622,W005,S014,121,136
I05216,622,W006,S007,674,113
I05217,622,W007,S029,942,121
I05218,622,W008,S005,466,198
I05219,622,W009,S045,969,160
I05220,622,W010,S034,997,189
I05221,623,W001,S010,189,88
I05222,623,W002,S003,388,184
I05223,623,W003,S013,500,190
I05224,623,W004,S016,576,171
I05225,623,W005,S048,778,183
I05226,623,W006,S032,290,147
I05227,623,W007,S004,860,54
I05228,623,W008,S025,211,96
I05229,623,W009,S047,86,187
I05230,623,W010,S035,147,75
I05231,624,W001,S013,63,41
I05232,624,W002,S029,316,153
I05233,624,W003,S037,574,167
I05234,624,W004,S042,343,46
I05235,624,W005,S032,496,132
I05236,624,W006,S026,608,109
I05237,624,W007,S044,216,153
I05238,624,W008,S009,285,129
I05239,624,W009,S019,936,171
I05240,624,W010,S005,725,101
I05241,625,W001,S023,757,132
I05242,625,W002,S028,300,196
I05243,625,W003,S029,613,117
I05244,625,W004,S027,86,160
I05245,625,W005,S035,874,102
I05246,625,W006,S006,788,125
I05247,625,W007,S050,777,30
I05248,625,W008,S037,272,164
I05249,625,W009,S009,990,88
I05250,625,W010,S012,630,22
I05251,626,W001,S009,113,147
I05252,626,W002,S023,736,89
I05253,626,W003,S044,441,123
I05254,626,W004,S031,100,99
I05255,626,W005,S006,995,133
I05256,626,W006,S029,414,101
I05257,626,W007,S012,265,129
I05258,626,W008,S039,991,40
I05259,626,W009,S017,411,137
I05260,626,W010,S041,312,95
I05261,627,W001,S023,527,37
I05262,627,W002,S034,916,143
I05263,627,W003,S034,549,195
I05264,627,W004,S005,709,71
I05265,627,W005,S031,980,50
I05266,627,W006,S004,61,108
I05267,627,W007,S026,83,102
I05268,627,W008,S030,382,58
I05269,627,W009,S047,763,162
I05270,627,W010,S031,830,46
I05271,628,W001,S010,290,118
I05272,628,W002,S004,871,171
I05273,628,W003,S037,51,126
I05274,628,W004,S026,782,166
I05275,628,W005,S018,614,97
I05276,628,W006,S042,201,59
I05277,628,W007,S013,908,55
I05278,628,W008,S038,234,62
I05279,628,W009,S013,780,109
I05280,628,W010,S037,605,197
I05281,629,W001,S007,456,85
I05282,629,W002,S031,55,170
I05283,629,W003,S036,68,139
I05284,629,W004,S011,107,52
I05285,629,W005,S019,305,192
I05286,629,W006,S047,598,92
I05287,629,W007,S013,482,161
I05288,629,W008,S031,907,185
I05289,629,W009,S029,416,85
I05290,629,W010,S010,679,185
I05291,630,W001,S046,494,146
I05292,630,W002,S049,791,56
I05293,630,W003,S008,951,185
I05294,630,W004,S012,382,59
I05295,630,W005,S024,145,196
I05296,630,W006,S050,499,40
I05297,630,W007,S013,123,74
I05298,630,W008,S016,466,172
I05299,630,W009,S032,263,127
I05300,630,W010,S042,109,179
I05301,631,W001,S007,88,122
I05302,631,W002,S006,861,59
I05303,631,W003,S014,748,23
I05304,631,W004,S003,192,34
I05305,631,W005,S014,722,78
I05306,631,W006,S020,737,128
I05307,631,W007,S030,634,187
I05308,631,W008,S021,833,20
I05309,631,W009,S004,387,146
I05310,631,W010,S042,466,158
I05311,632,W001,S024,195,21
I05312,632,W002,S002,127,148
I05313,632,W003,S041,617,109
I05314,632,W004,S010,800,61
I05315,632,W005,S038,399,65
I05316,632,W006,S005,608,93
I05317,632,W007,S032,152,145
I05318,632,W008,S021,243,146
I05319,632,W009,S038,354,45
I05320,632,W010,S011,123,147
I05321,633,W001,S034,627,139
I05322,633,W002,S013,866,136
I05323,633,W003,S002,508,51
I05324,633,W004,S023,477,23
I05325,633,W005,S049,156,160
I05326,633,W006,S019,226,89
I05327,633,W007,S038,717,80
I05328,633,W008,S036,498,127
I05329,633,W009,S014,348,168
I05330,633,W010,S014,494,111
I05331,634,W001,S012,634,71
I05332,634,W002,S045,408,69
I05333,634,W003,S045,671,155
I05334,634,W004,S042,952,88
I05335,634,W005,S033,424,132
I05336,634,W006,S021,778,118
I05337,634,W007,S006,669,162
I05338,634,W008,S020,817,55
I05339,634,W009,S021,160,185
I05340,634,W010,S050,700,49
I05341,635,W001,S023,682,96
I05342,635,W002,S027,814,86
I05343,635,W003,S049,832,114
I05344,635,W004,S024,553,135
I05345,635,W005,S029,494,80
I05346,635,W006,S037,810,156
I05347,635,W007,S010,987,154
I05348,635,W008,S048,201,152
I05349,635,W009,S010,366,186
I05350,635,W010,S011,682,100
I05351,636,W001,S032,728,163
I05352,636,W002,S032,74,128
I05353,636,W003,S025,865,89
I05354,636,W004,S041,231,47
I05355,636,W005,S032,501,54
I05356,636,W006,S034,426,111
I05357,636,W007,S009,334,126
I05358,636,W008,S002,691,99
I05359,636,W009,S004,322,62
I05360,636,W010,S024,809,160
I05361,637,W001,S006,287,159
I05362,637,W002,S013,347,161
I05363,637,W003,S026,550,154
I05364,637,W004,S026,250,70
I05365,637,W005,S011,732,174
I05366,637,W006,S037,657,134
I05367,637,W007,S016,755,23
I05368,637,W008,S046,522,39
I05369,637,W009,S012,303,87
I05370,637,W010,S022,892,123
I05371,638,W001,S024,373,49
I05372,638,W002,S044,906,171
I05373,638,W003,S035,617,105
I05374,638,W004,S026,367,24
I05375,638,W005,S025,619,155
I05376,638,W006,S030,454,104
I05377,638,W007,S001,132,44
I05378,638,W008,S027,983,158
I05379,638,W009,S035,788,24
I05380,638,W010,S009,554,97
I05381,639,W001,S015,819,96
I05382,639,W002,S049,596,179
I05383,639,W003,S023,773,62
I05384,639,W004,S035,647,83
I05385,639,W005,S027,233,28
I05386,639,W006,S042,497,189
I05387,639,W007,S033,50,24
I05388,639,W008,S018,579,133
I05389,639,W009,S003,413,113
I05390,639,W010,S050,932,100
I05391,640,W001,S050,837,116
I05392,640,W002,S040,720,172
I05393,640,W003,S036,538,33
I05394,640,W004,S011,682,66
I05395,640,W005,S023,685,69
I05396,640,W006,S024,569,127
I05397,640,W007,S016,297,62
I05398,640,W008,S025,676,20
I05399,640,W009,S020,354,118
I05400,640,W010,S044,979,109
I05401,641,W001,S040,146,174
I05402,641,W002,S002,457,75
I05403,641,W003,S030,136,153
I05404,641,W004,S031,570,137
I05405,641,W005,S007,306,191
I05406,641,W006,S035,654,109
I05407,641,W007,S033,309,131
I05408,641,W008,S041,893,161
I05409,641,W009,S020,466,135
I05410,641,W010,S002,857,51
I05411,642,W001,S038,671,131
I05412,642,W002,S012,412,98
I05413,642,W003,S016,606,165
I05414,642,W004,S013,360,38
I05415,642,W005,S001,581,161
I05416,642,W006,S020,887,29
I05417,642,W007,S047,355,109
I05418,642,W008,S010,458,139
I05419,642,W009,S038,584,124
I05420,642,W010,S024,650,100
I05421,643,W001,S014,455,135
I05422,643,W002,S045,966,86
I05423,643,W003,S009,129,190
I05424,643,W004,S048,959,85
I05425,643,W005,S029,725,86
I05426,643,W006,S041,411,121
I05427,643,W007,S047,813,48
I05428,643,W008,S007,744,51
I05429,643,W009,S047,734,73
I05430,643,W010,S047,677,186
I05431,644,W001,S007,616,59
I05432,644,W002,S032,523,193
I05433,644,W003,S047,640,194
I05434,644,W004,S014,871,48
I05435,644,W005,S003,115,163
I05436,644,W006,S050,805,64
I05437,644,W007,S010,354,77
I05438,644,W008,S044,550,163
I05439,644,W009,S046,807,77
I05440,644,W010,S047,867,194
I05441,645,W001,S011,460,51
I05442,645,W002,S008,418,53
I05443,645,W003,S038,443,129
I05444,645,W004,S029,698,28
I05445,645,W005,S001,463,95
I05446,645,W006,S036,441,121
I05447,645,W007,S015,739,41
I05448,645,W008,S016,741,52
I05449,645,W009,S047,220,68
I05450,645,W010,S012,591,178
I05451,646,W001,S044,83,82
I05452,646,W002,S032,750,168
I05453,646,W003,S044,575,137
I05454,646,W004,S035,986,195
I05455,646,W005,S003,330,101
I05456,646,W006,S043,524,61
I05457,646,W007,S004,161,183
I05458,646,W008,S001,578,116
I05459,646,W009,S023,403,108
I05460,646,W010,S040,879,160
I05461,647,W001,S034,257,164
I05462,647,W002,S044,114,179
I05463,647,W003,S033,712,42
I05464,647,W004,S034,655,73
I05465,647,W005,S038,307,130
I05466,647,W006,S040,980,82
I05467,647,W007,S034,724,198
I05468,647,W008,S018,961,75
I05469,647,W009,S034,345,43
I05470,647,W010,S014,661,193
I05471,648,W001,S033,652,121
I05472,648,W002,S011,631,186
I05473,648,W003,S029,425,70
I05474,648,W004,S013,452,57
I05475,648,W005,S033,95,35
I05476,648,W006,S034,75,170
I05477,648,W007,S017,554,37
I05478,648,W008,S036,818,26
I05479,648,W009,S015,442,114
I05480,648,W010,S022,682,198
I05481,649,W001,S015,768,88
I05482,649,W002,S021,684,24
I05483,649,W003,S016,58,102
I05484,649,W004,S012,367,133
I05485,649,W005,S027,933,78
I05486,649,W006,S006,463,103
I05487,649,W007,S038,472,108
I05488,649,W008,S046,181,176
I05489,649,W009,S023,284,181
I05490,649,W010,S020,433,36
I05491,650,W001,S013,606,35
I05492,650,W002,S032,116,88
I05493,650,W003,S015,767,75
I05494,650,W004,S041,140,183
I05495,650,W005,S001,860,189
I05496,650,W006,S038,375,123
I05497,650,W007,S029,508,119
I05498,650,W008,S032,308,193
I05499,650,W009,S037,701,61
I05500,650,W010,S003,914,139
